Customer Id,Artist Name,Artist Reputation,Height,Width,Weight,Material,Price Of Sculpture,Base Shipping Price,International,Express Shipment,Installation Included,Transport,Fragile,Customer Information,Remote Location,Scheduled Date,Delivery Date,Customer Location,Cost
fffe3900350033003300,Billy Jenkins,0.26,17,6,4128,Brass,13.91,16.27,Yes,Yes,No,Airways,No,Working Class,No,06-07-2015,06-03-2015,"New Michelle, OH 50777",-283.29
fffe3800330031003900,Jean Bryant,0.28,3,3,61,Brass,6.83,15,No,No,No,Roadways,No,Working Class,No,03-06-2017,03-05-2017,"New Michaelport, WY 12072",-159.96
fffe3600370035003100,Laura Miller,0.07,8,5,237,Clay,4.96,21.18,No,No,No,Roadways,Yes,Working Class,Yes,03-09-2015,03-08-2015,"Bowmanshire, WA 19241",-154.29
fffe350031003300,Robert Chaires,0.12,9,,,Aluminium,5.81,16.31,No,No,No,,No,Wealthy,Yes,05/24/15,05/20/15,"East Robyn, KY 86375",-161.16
fffe3900320038003400,Rosalyn Krol,0.15,17,6,324,Aluminium,3.18,11.94,Yes,Yes,Yes,Airways,No,Working Class,No,12/18/16,12/14/16,"Aprilside, PA 52793",-159.23
fffe3300390039003900,Tracy Francis,0.99,46,19,1178,Wood,6.16,16.88,No,Yes,No,,No,Wealthy,No,08/28/15,08/26/15,"Maddenberg, AL 43096",-1922.78
fffe3800360033003700,David Hawes,0.64,17,9,7264,Brass,8.26,90.67,No,Yes,No,Roadways,No,Working Class,No,06-05-2016,06-02-2016,"South Matthew, WV 76033",-1536.66
fffe3800300039003800,David Osher,0.74,23,10,3287,Clay,12.81,13.25,Yes,No,No,Waterways,Yes,Wealthy,No,06-04-2019,05/31/19,"Davidmouth, CA 37824",-422.42
fffe3800330032003900,Arnold Reel,0,6,4,108,Clay,3.98,19.76,Yes,No,No,Waterways,Yes,Working Class,Yes,08/27/18,08/23/18,"Lisaville, ND 43925",-160.1
fffe3800310031003800,James Comfort,0.12,23,9,195226,Marble,245.63,49.25,No,No,No,Roadways,No,Working Class,No,07/14/16,07-10-2016,"Jacobland, WV 85997",-834.27
fffe3100350034003800,Greg Mendez,0.14,47,25,40834,Bronze,37.22,85.09,No,No,Yes,,No,Working Class,No,07/29/15,07/27/15,"Brittanyside, GA 80351",-652.66
fffe380031003700,Stacey Carlozzi,0.29,32,9,,Stone,1800.96,56.04,No,No,Yes,Airways,No,Working Class,No,03-01-2016,03-01-2016,"Jacquelinemouth, WA 65740",-4106.98
fffe3900370032003400,Beverly Credeur,0.26,13,6,1534,Bronze,5.87,20.72,No,Yes,No,Airways,No,Working Class,No,10/26/17,10/28/17,"Reidshire, DC 83551",-190.08
fffe3400370033003400,James Davis,0.54,26,9,,Wood,6.47,17.55,No,Yes,Yes,,No,Working Class,No,09/16/18,09/17/18,"West Shannonside, WA 15898",-334.98
fffe310033003100,Patricia Crosslin,0.69,21,6,3954,Brass,14.03,16.43,Yes,No,Yes,Waterways,No,Working Class,No,04/30/18,05-03-2018,"Kruegerchester, TX 85901",-359.72
fffe3800360036003700,Raul White,0.72,44,12,4991242,Stone,29625.6,84.38,No,No,Yes,Roadways,No,Working Class,Yes,06/24/18,06/26/18,"East Julia, CO 36716",-88316.02
fffe3600310039003300,Esther Simmons,0.27,10,4,11909,Stone,29.47,28.18,Yes,No,No,Waterways,No,Working Class,No,04/29/19,04/26/19,"Jimenezfurt, WY 87107",-329.2
fffe3800350033003500,Pete Oh,0.1,37,9,239463,Marble,771.98,64.64,No,No,No,Roadways,Yes,Working Class,No,09/23/18,09/22/18,APO AE 89114,-1924.3
fffe3900360036003600,Ralph Mangum,0.11,19,14,7976,Bronze,7.1,82.84,No,Yes,No,Roadways,No,Wealthy,No,02-10-2017,02/14/17,"North Sarah, OR 85972",-425.64
fffe3500380035003600,Jennifer Johnson,0.54,,,65103,Stone,165.05,86.65,No,No,Yes,Roadways,No,Wealthy,No,04-11-2019,04/13/19,DPO AE 79107,-1354.11
fffe3300370038003200,Kathryn Dodge,0.59,20,9,198,,5.56,15.76,No,Yes,No,,No,Wealthy,No,11-10-2018,11-07-2018,"Sanchezborough, MI 63030",-318.74
fffe320030003900,Laura Price,0.11,,9,216919,Marble,263.03,46.56,Yes,No,Yes,Waterways,No,Working Class,No,07-06-2017,07-06-2017,"East Stephanie, WY 49027",-708.99
fffe3900360035003300,John Blair,0.66,9,5,184,Aluminium,6.9,10.48,No,No,No,Roadways,No,Working Class,No,11-10-2016,11-07-2016,FPO AE 03279,-244.61
fffe3600360032003400,Georgia Andrus,0.57,29,9,745770,Stone,3403.92,30.87,Yes,Yes,Yes,Airways,No,Working Class,No,11/15/18,11/13/18,"Dudleyview, NM 25088",-39680.72
fffe3200320035003600,Ma Sova,0.43,24,8,261562,Marble,1562.1,91.58,Yes,No,No,Waterways,No,Working Class,No,12/31/16,12/31/16,"North Elizabeth, AR 06294",-2296.74
fffe36003800,Mark Davis,,10,4,174,,6.63,19.61,Yes,No,No,Waterways,No,Working Class,No,06-10-2016,06/13/16,FPO AP 74160,-279.16
fffe3400350031003200,Chris Gomez,0.2,25,9,7901,Brass,8.56,93.59,No,No,No,Waterways,No,Working Class,Yes,10-03-2017,10-04-2017,"West Raymondfurt, VT 08481",-547.81
fffe3400300031003000,Nicole Bice,0.47,28,15,985,Aluminium,6.76,19.83,No,No,Yes,Roadways,No,Working Class,No,02-05-2017,02-01-2017,"Lake Bradleyside, IA 95560",-371.82
fffe320038003600,Marian Castillo,0.51,16,8,63720,,151.19,59.22,No,No,Yes,,No,Wealthy,Yes,05/23/18,05/23/18,"Justinmouth, MN 41168",-1087.36
fffe3100300038003400,Cheyenne Witt,0.67,17,6,182,Wood,6,11.04,No,No,No,,No,Wealthy,No,02-07-2016,02-08-2016,"Olsonport, CO 96580",-280.22
fffe3800390030003700,Eunice Winkler,0.56,20,8,53954,Marble,162.93,99.06,No,Yes,No,Airways,No,Working Class,No,03-05-2019,03-09-2019,"West Dakotaburgh, NH 74823",-1358.73
fffe3700370037003600,Henry Humphrey,0.25,10,4,4900,Marble,25.83,18.35,Yes,Yes,Yes,Airways,No,Wealthy,No,04/30/17,04/27/17,"Savannahland, SC 44156",-358.92
fffe38003100,Viola Lackland,0.31,13,7,449,Aluminium,4.91,24.67,No,No,Yes,Airways,No,Working Class,No,10-01-2018,10-01-2018,DPO AA 66525,-214.15
fffe3200310033003600,Robert Torres,0.57,6,4,79,,4.71,22.24,No,No,No,,Yes,Wealthy,,04-10-2017,04-10-2017,APO AA 74413,-241.48
fffe3500350031003600,Michael Doyle,0.01,,5,88,,6.51,22.49,Yes,No,No,Waterways,No,Working Class,No,02-03-2018,02-06-2018,"Lopezton, WV 10067",-128.38
fffe3200380038003500,Alejandro Reyes,0.68,8,5,301,Clay,4.38,20.36,Yes,No,No,Waterways,Yes,Working Class,No,04-01-2018,03/31/18,"Lake Anthony, OK 74169",-280.42
fffe3800320035003100,Amber Gutierrez,0.23,16,8,358,Aluminium,3.26,13.82,Yes,No,No,Airways,No,Wealthy,Yes,10/15/17,10-12-2017,"Finleyville, WV 40409",-179.32
fffe3700320035003300,Stefan Moquin,0.52,36,17,593,Wood,3.86,17,No,No,Yes,Roadways,No,Working Class,No,10/20/18,10/24/18,APO AP 74070,-288.58
fffe3900320032003700,Magdalena Jordan,0.59,22,15,16046,Brass,99.52,89.55,Yes,No,Yes,Waterways,No,Working Class,No,06/28/15,06/28/15,APO AP 17205,-4895.23
fffe380033003800,Gail Stalvey,0.01,16,7,1002,Clay,4.15,22.03,No,No,No,,Yes,Working Class,,11-01-2015,10/31/15,"Hillstad, HI 53450",-156.3
fffe3700330031003500,Luna Jones,0.93,29,8,7757,Bronze,24.29,78.75,Yes,No,No,Airways,No,Working Class,No,04-07-2017,04-07-2017,FPO AA 77937,-2944.95
fffe3100320036003700,James Chessman,0.58,,5,71,Aluminium,4.28,19.83,No,No,No,,No,Working Class,Yes,09/14/16,09/16/16,"Perezfort, RI 47397",-205.19
fffe3400390034003300,George Trovillion,0.86,49,17,196893,Brass,116.3,81.85,Yes,No,Yes,Waterways,No,Working Class,No,01/26/18,01/24/18,"Andrewtown, LA 46069",-5364.93
fffe380032003200,Constance Anderson,0.27,6,5,355,,3.14,15.04,No,No,Yes,Roadways,No,Wealthy,,09-11-2016,09-11-2016,"Port Zacharychester, AR 48147",-181.02
fffe3500300032003700,Rene Anderson,0.17,20,7,3669,Bronze,5.13,11.07,No,No,No,,No,Working Class,Yes,09/29/18,09/28/18,"North Trevorburgh, DE 50456",-152.23
fffe3400300035003900,Michael Johnson,0.54,36,,61696,Brass,61.6,48.17,No,No,Yes,,No,Working Class,No,05-07-2017,05-11-2017,DPO AE 21619,-1731.53
fffe3800390035003300,Verla Vidinha,0.07,9,4,74,Clay,6.77,11.75,No,No,Yes,Roadways,Yes,Working Class,Yes,04-02-2015,03/31/15,"Fritzborough, ID 36011",-137.87
fffe3900340039003800,Bill Diaz,0.51,8,4,215,Clay,6.25,23.85,No,No,No,Roadways,Yes,Wealthy,No,11-06-2018,11-09-2018,"Allenstad, CT 17091",-263.23
fffe3200380038003800,Elizabeth Garcia,0.59,16,8,4679,,10.08,19.77,Yes,No,No,Airways,No,Working Class,,08-09-2018,08-08-2018,"Thomasland, MS 33680",-380.91
fffe3500340032003300,Asha Wilson,0.29,24,12,2443,Clay,5.18,15.8,No,No,Yes,Airways,Yes,Wealthy,No,06/16/19,06-12-2019,"Boonemouth, CO 65200",-300.68
fffe3300310037003100,Alejandro Hagan,0.17,47,23,5624,Aluminium,19.82,63.79,No,No,No,Roadways,No,Working Class,No,07-01-2015,07-01-2015,"Christinamouth, ND 71887",-392.2
fffe3300380034003500,Irene Holland,0.6,,,160742,Marble,554.72,92.44,No,No,Yes,,No,Working Class,,04-12-2017,04-12-2017,FPO AE 57119,-5651.15
fffe3100370031003700,Susan Macdonald,0.98,15,7,3872,Brass,5.49,20.04,Yes,Yes,No,Airways,No,Wealthy,Yes,02/28/19,03-04-2019,"Lake Brandon, WY 10319",-963.88
fffe3700310038003400,Pauline Taylor,0.3,22,9,345055,Stone,365.28,54.25,Yes,No,No,Waterways,No,Working Class,No,11/22/15,11/20/15,"Robertburgh, IA 04749",-1297.25
fffe370034003300,Gerald Elliott,0.25,15,6,553,Clay,3.03,18.09,Yes,No,No,Waterways,Yes,Wealthy,No,05/16/15,05/16/15,"South Codyland, FL 15621",-182.92
fffe3500380039003300,Gary Lamb,,39,7,1073,Aluminium,3.6,23.31,No,No,Yes,,No,Working Class,Yes,06-05-2018,06-01-2018,APO AA 77325,-269.88
fffe3600370038003900,Donald Couture,0.31,7,5,415,Bronze,5.75,22,No,No,Yes,Airways,No,Working Class,No,01-08-2019,01-07-2019,"East Steven, VA 75019",-210.45
fffe3200300032003100,William Melgar,0.12,26,,583,Wood,3.5,16.83,Yes,No,Yes,Waterways,No,Working Class,No,04/23/17,04/24/17,"Lake Rebecca, SC 05690",-140.38
fffe360038003200,Luanne Bohr,0.61,31,,507253,Stone,1377.26,45.19,Yes,Yes,Yes,,No,Wealthy,No,04/21/19,04/17/19,"Solisfurt, WA 42172",-12359.84
fffe3100350034003900,John Stapleton,,43,13,1954301,Stone,839.18,92.25,No,Yes,No,Airways,No,Wealthy,,07-04-2017,07-07-2017,"Coleberg, NH 17679",-8617.36
fffe3500330030003900,Heidi Wengel,,18,8,5263,Brass,7.86,55.05,No,No,Yes,,No,Working Class,,06/25/15,06/23/15,"Scottfurt, VT 77337",-383.26
fffe3900330030003600,Maurice Nickels,0.49,7,5,4736,Stone,18.4,23.76,No,Yes,No,Airways,No,Working Class,Yes,01/24/17,01/28/17,"Duncanland, MA 27640",-323.55
fffe3300320037003300,Jody Johnson,0.68,39,15,3996,Aluminium,11.76,22.39,No,Yes,Yes,,No,Working Class,No,12/16/18,12-12-2018,"Lake Anthonyview, KS 03241",-836.8
fffe3400370030003200,Richard Kelley,0.18,15,7,16227,Marble,46.61,54.29,Yes,Yes,Yes,Airways,No,Wealthy,Yes,04/27/16,04/29/16,"Marksmouth, KY 91618",-595.73
fffe3100340039003600,William Otto,0.38,44,21,2663,Aluminium,4.43,15.69,No,No,No,,No,Working Class,Yes,12/24/15,12/24/15,"Paceside, WA 64883",-232.86
fffe3900330033003900,Susan Engle,0.67,34,13,3151086,Stone,10624.83,44.95,Yes,No,Yes,Waterways,No,Working Class,No,03/27/17,03/28/17,"North Sara, WV 25982",-24383.58
fffe3500300035003900,Timothy Mckenzie,0.68,15,8,143739,Stone,409.34,72.82,No,No,No,Roadways,No,Working Class,No,03-07-2018,03-05-2018,"South Lisa, ME 65065",-4089.47
fffe3100350030003000,Kristine Manuel,0.04,35,17,557,,5.58,18.45,Yes,No,No,Waterways,No,Working Class,,05/28/17,05/31/17,APO AP 40485,-113.86
fffe3200350038003500,Albert Rivard,0.81,,3,495,Stone,6.11,20.95,Yes,No,No,Waterways,No,Working Class,Yes,10-12-2018,10-08-2018,"Miguelchester, NC 53772",-516.72
fffe3100320034003400,Melissa Shawler,0.65,32,11,2135,Aluminium,9.97,14.81,No,Yes,Yes,Airways,No,Working Class,No,11/13/18,11-09-2018,"Hudsonfort, NV 81159",-1157.2
fffe3700310031003800,Roger Henderson,0.84,18,8,10381,Brass,26.1,45.79,Yes,Yes,No,Airways,No,Working Class,No,09-02-2015,08/29/15,"Lake Daniel, MD 54192",-1536.89
fffe3600330039003200,Jennifer Vera,0.69,26,12,524871,Marble,1566.67,59.65,No,No,No,Airways,No,Working Class,No,10/31/16,11-02-2016,"West Ashleyberg, IA 50994",-4300.25
fffe3100340031003100,Charles Plank,0.36,25,24,14074,Clay,34.08,95.89,No,No,Yes,Airways,Yes,Working Class,No,04/18/18,04/21/18,"Lake Coreystad, ME 92198",-1165.4
fffe3700390036003600,Shirley Kelley,0.22,8,4,788,Brass,4.22,24.47,No,No,No,Roadways,No,Working Class,No,03/14/16,03/16/16,"Lake Debraborough, NH 62172",-179.2
fffe3600340038003700,Eloise Wright,0.11,17,7,133437,Stone,210.57,94.13,No,No,Yes,Roadways,No,Working Class,No,03/13/18,03-11-2018,"Jimmyberg, SD 33975",-1050.81
fffe3300310032003300,Michael Allbee,,25,11,1849,,3.13,15.48,No,Yes,Yes,Airways,No,Wealthy,,03-06-2017,03-04-2017,"Kylehaven, WA 37785",-556.87
fffe3800300032003300,Hazel Hodge,0.58,10,4,496,Bronze,3.06,18.67,No,No,No,Roadways,No,Working Class,No,04-04-2017,04-05-2017,"Lake Michelleburgh, HI 10670",-215.68
fffe3300390035003300,Shirley Dwyer,0.17,18,6,,Clay,4.71,17.09,No,No,No,Roadways,Yes,Working Class,No,12/16/16,12/16/16,DPO AA 10827,-148.42
fffe3700330034003700,David Jacobs,0.45,9,5,1247,Brass,6.02,13.52,No,No,Yes,Roadways,No,Working Class,No,09/18/18,09/15/18,"Changbury, NH 29967",-244.62
fffe3400350036003300,Troy Longoria,0.4,14,8,,Clay,3.79,10.26,No,Yes,Yes,,Yes,Wealthy,No,07/26/19,07/29/19,"Port Betty, ME 96374",-213.96
fffe390032003500,Willie Blackwell,0.97,30,15,575,Wood,4.58,13.39,No,No,No,Roadways,No,Working Class,No,11-02-2015,10/31/15,"Martinezport, MD 69892",-708.86
fffe3100350030003600,Antonio Rodriguez,0.87,19,11,250244,Marble,1383.56,95.79,No,No,No,Roadways,No,Working Class,No,02/21/17,02/25/17,"Jamesville, NC 16234",-4083.76
fffe3300340031003100,Jane Brown,0.93,30,10,1016,,9.89,13.29,Yes,No,No,Waterways,No,Working Class,No,11/28/17,11/24/17,"Torresmouth, FL 10307",-3144.43
fffe3700380032003100,Dorothy Nerad,0.38,12,8,2112,Bronze,4.16,17.29,Yes,No,No,Airways,No,Working Class,Yes,04-03-2019,04-01-2019,"Elizabethchester, NH 42816",-251.07
fffe3800360035003300,Mitchell Gates,0.5,16,6,1171,Brass,3.34,18.85,No,No,No,Airways,No,Working Class,Yes,03-06-2019,03-09-2019,"Port Brian, ID 76556",-236.89
fffe320039003800,Dennis Rossetti,0.18,15,6,477,Clay,6.35,15.4,Yes,No,No,Airways,Yes,Working Class,Yes,07-02-2016,06/29/16,"West Raymondbury, CO 71098",-189.24
fffe3600360036003600,Mike Violette,0.38,56,17,50809,Bronze,47.18,67.44,No,No,Yes,Waterways,No,Working Class,No,12/25/17,12/25/17,FPO AA 76709,-1030.25
fffe360035003700,Kenny Gordon,0.88,25,17,768813,Marble,3929.77,55.12,No,No,Yes,Roadways,No,Working Class,Yes,03/27/18,03/24/18,"West Vanessabury, ND 83002",-28508.63
fffe3700360030003000,Cristina Putman,0.22,23,13,345,Wood,6.23,22.3,No,Yes,Yes,Airways,No,Wealthy,No,10/21/16,10/21/16,"West Katie, WI 12237",-225.61
fffe3100340031003900,Bernice Werth,0.43,,14,2851,Aluminium,6.55,22.15,No,Yes,No,,No,Wealthy,Yes,06/29/19,06/30/19,"Larsenbury, NH 80161",-390.57
fffe3400330030003600,Pearl Tindol,0.49,16,,944,Clay,5.49,16.52,No,No,No,Roadways,Yes,Working Class,No,05/27/16,05/30/16,DPO AP 87143,-215.42
fffe3900380033003100,Genevieve Dawson,0.88,24,15,799475,Marble,2896.76,54.34,Yes,Yes,No,Airways,No,Working Class,No,05-12-2015,05-12-2015,"Vaughnside, OH 51731",-20923
fffe3300380033003300,Tommy Mcmanus,0.64,10,4,,Marble,31.69,91.98,Yes,No,Yes,Waterways,No,Working Class,No,07/20/18,07/20/18,"South Virginia, MN 62580",-1043.72
fffe3900380039003500,Calvin Rothenbach,0.03,41,9,494,Wood,5.58,18.88,No,Yes,Yes,Airways,No,Wealthy,No,02-08-2019,02-09-2019,"Port Brittney, VA 80458",-156.01
fffe3200340036003700,Lester Flores,0.28,37,20,9467,Clay,20.41,27.4,No,Yes,No,,Yes,Working Class,No,08/26/16,08/25/16,"Wilsonstad, CT 46259",-428.22
fffe3300350037003500,Charles Decker,,35,13,,Brass,88.84,34.46,No,No,No,,No,Working Class,No,03/30/17,04-02-2017,"Obrienside, MT 61007",-2135.3
fffe380031003500,Taylor Bodi,0.86,14,7,3694,Brass,8.3,17.02,No,Yes,Yes,,No,Working Class,Yes,10-03-2016,10-07-2016,"Lake Rachel, WA 97334",-1494.4
fffe3300300038003300,Joseph Forsyth,0.99,8,,149,Aluminium,6.92,21.85,No,No,No,Waterways,No,Working Class,No,01/17/18,01/19/18,"Alejandrashire, WI 87220",-626.73
fffe3800390039003600,Shanna Davison,0.27,37,16,7365,Clay,28.53,29.16,Yes,No,Yes,Waterways,Yes,Working Class,No,01-10-2015,01/14/15,"East Abigailstad, MA 42359",-336.53
fffe3900330030003800,Richard Ortega,0.42,24,17,4848,Clay,32.42,23.52,Yes,No,Yes,Airways,Yes,Wealthy,No,04-11-2015,04-12-2015,"Samanthaburgh, WY 19962",-552.54
fffe3800370031003000,Donald Cruz,0.3,23,10,1153,Aluminium,3.71,20.65,No,No,No,Roadways,No,Working Class,No,03/17/19,03/14/19,"South Robertfurt, MS 12218",-199.1
fffe3500300038003300,Jerry Crump,0.99,30,7,1104,Aluminium,5.91,14.04,Yes,No,Yes,Waterways,No,Working Class,No,09/24/15,09/28/15,"Williamsborough, IL 67534",-801.86
fffe3700310039003700,Kayla Monteiro,0.34,23,12,450,Wood,4.95,24.48,No,No,No,Roadways,No,Working Class,No,12/14/17,12/15/17,"Lloydbury, IA 05536",-211.1
fffe380031003000,Beverley Lang,,13,7,51068,Stone,153.97,71.73,No,Yes,No,,No,Wealthy,No,02/26/19,03-01-2019,"Robertsberg, NC 46189",-687.11
fffe310033003300,Melina Coppola,0.51,29,10,1996,,11.45,20.82,Yes,No,Yes,,No,Working Class,No,06/20/15,06/22/15,"Marymouth, CA 27970",-330.13
fffe310037003800,Robert Latham,0.36,9,5,63,Wood,4.3,11.28,No,No,No,Roadways,No,Working Class,No,06/27/16,06/29/16,"Lake Chris, CT 07345",-112.03
fffe3900300031003600,Lindsay Christie,0.77,10,5,541,Bronze,5.28,23.04,No,No,No,Roadways,No,Working Class,No,09/21/16,09/17/16,"Ericfort, AZ 07891",-420.24
fffe3200390036003400,Elmer Gomez,,41,9,19928,Bronze,121.37,82.14,No,No,No,Waterways,No,Working Class,,02/16/18,02/16/18,"Annettemouth, KY 91660",-1310.04
fffe340038003400,Russell Campbell,0.79,23,8,152855,Stone,647.77,88.79,No,Yes,No,Roadways,No,Working Class,No,11/29/16,11/28/16,"South Maureen, AK 28476",-19151.67
fffe3700300036003900,Andre Maynard,0.18,26,6,1606,Clay,6.56,16.18,No,No,No,Airways,Yes,Working Class,Yes,12/21/17,12/20/17,"New Allisonton, KS 95141",-185.39
fffe3700350030003600,Peggy Cocks,0.87,7,5,2125,Stone,5.22,19.81,No,Yes,Yes,Roadways,No,Working Class,No,10/21/15,10/21/15,"Mcdonaldbury, IL 36393",-523.71
fffe3100390036003300,Stella Holden,0.32,41,12,7830,Clay,16.23,88.99,No,No,No,Roadways,Yes,Working Class,No,02/26/19,02/27/19,"Jacobfort, AR 77969",-772.7
fffe3400350030003200,Justin Zander,0.58,28,17,896,Wood,3.32,17.24,No,No,Yes,,No,Working Class,Yes,12-10-2017,12/13/17,DPO AP 55477,-344.74
fffe3100360031003100,Cynthia Gallegos,0.03,7,,2168,Marble,4.65,17.06,No,No,No,,No,Working Class,No,12/17/16,12/18/16,"South Melissa, NY 33916",-171.15
fffe3800310039003500,Kelly Rubio,0.4,18,9,322,Wood,5.31,15.7,No,Yes,Yes,Roadways,No,Working Class,No,01/27/18,01/26/18,"East Dakota, TX 25337",-216.4
fffe3800330036003800,Noel Rubio,0.57,4,3,26,Wood,3.15,18.99,Yes,Yes,Yes,Airways,No,Wealthy,No,02-10-2016,02/14/16,"East Sarahview, NJ 04953",-182.64
fffe3100370039003000,Nicole Russell,0.41,19,8,,Aluminium,6.43,11.82,Yes,Yes,No,Airways,No,Working Class,,01-09-2018,01-12-2018,"North Emily, NY 39342",-196.34
fffe3900380037003500,Gladys Anderson,0.48,24,6,59036,Stone,319.06,70.13,No,No,Yes,Airways,No,Working Class,No,05-07-2018,05-07-2018,"Martinezville, NJ 69537",-1964.21
fffe3200370035003900,Jerry Riegel,0.69,25,14,1695010,Stone,7351.07,75.19,Yes,Yes,No,Airways,No,Working Class,,11-07-2016,11-10-2016,DPO AE 01920,-322018.37
fffe3800320032003300,Sam Lemoyne,0.41,11,8,815,Clay,5.52,21.32,No,No,Yes,Waterways,Yes,Working Class,Yes,07/19/18,07/22/18,"East Troyview, AR 59712",-239.33
fffe3200390032003500,Nicolas Godbolt,,9,5,653,Bronze,5.6,22.6,Yes,Yes,No,Airways,No,Wealthy,No,02-02-2017,01/30/17,"Johnsonmouth, IA 82475",-406.91
fffe380031003400,Amanda Ramos,0.16,20,11,2797,,3.03,14.31,Yes,Yes,No,Airways,No,Working Class,,12/28/15,12/30/15,"Debrahaven, DE 26289",-184.31
fffe3800300035003600,Martha Vega,0.47,22,18,18959,Brass,111.06,92.24,No,Yes,No,Airways,No,Working Class,No,04/29/19,04/28/19,"East Michaelshire, ID 18781",-1394.04
fffe3500320037003800,Belinda Curran,0.46,12,8,1448,Bronze,9.85,15.31,Yes,No,Yes,Waterways,No,Working Class,,01/18/15,01/21/15,"Erinchester, ID 42883",-371.58
fffe3800370037003200,Annie Charron,0.65,4,4,78,Bronze,4.63,13.77,No,Yes,Yes,Roadways,No,Wealthy,Yes,04/16/18,04/16/18,"Cannonchester, TX 35002",-231.13
fffe380037003600,Larry Elder,0.32,35,11,491,Wood,3.35,15.16,No,No,No,,No,Wealthy,No,11-07-2016,11-10-2016,"Lake Tammyfurt, WY 99341",-157.6
fffe330039003900,Pauline Tejeda,,13,7,3130,Bronze,6.21,16.02,No,Yes,Yes,Roadways,No,Working Class,No,10-07-2017,10-10-2017,"New Melanie, TN 98394",-164.69
fffe3900310032003000,Florentino Botcher,0.29,42,18,14120,Clay,12.59,72.17,No,No,No,Roadways,Yes,Working Class,No,09/28/17,09/30/17,"Theresamouth, AZ 35749",-655.89
fffe3600390035003700,Leanne Prieto,0.95,44,15,11196,Clay,61.12,57.31,No,No,Yes,Waterways,Yes,Working Class,No,03-04-2019,03-05-2019,"Lake Stephanieville, DC 09403",-7178.95
fffe3700360033003900,Michiko Plunk,0.86,34,11,1793759,Stone,1332.42,25.62,Yes,Yes,Yes,Airways,No,Wealthy,No,12/23/17,12/23/17,"West Sarahbury, AZ 51259",-84932.99
fffe3700390038003500,Elizabeth Outman,0.48,18,9,837,Aluminium,3.12,10.98,Yes,No,Yes,Waterways,No,Working Class,No,05/23/18,05/25/18,"Monicafurt, MI 02309",-182.24
fffe3400300035003800,Loretta Chung,0.58,34,8,463,,3.78,13.34,Yes,No,No,,No,Working Class,Yes,08-04-2016,07/31/16,"Anthonymouth, NY 68517",-297.34
fffe3500310038003900,Janet Gustafson,,5,3,701,Stone,6.7,24.16,Yes,No,No,Airways,No,Working Class,No,03-06-2017,03-08-2017,"New Alexandershire, CT 08215",-253.49
fffe3400370037003800,Michael Vargas,0.62,28,7,,Wood,3.03,13.03,No,No,Yes,Roadways,No,Wealthy,,06/26/16,06/28/16,"Nelsonshire, SD 24250",-290.28
fffe3900370031003300,Rebecca Dale,0.87,26,8,314113,Stone,1846.84,60.7,No,Yes,No,Airways,No,Wealthy,No,10/22/18,10/22/18,"New Stephenland, MI 27223",-8745.47
fffe3800360035003100,Matthew Broberg,0.25,19,11,8648,Bronze,17.04,74.41,No,Yes,No,Airways,No,Working Class,No,02/19/18,02/19/18,APO AA 59051,-527.23
fffe3400300035003100,Tammy Drelick,0.21,27,10,23049,,16.67,77.67,No,No,Yes,,No,Working Class,No,06/27/17,06/24/17,"Amandatown, ID 34098",-730.8
fffe33003300,Theresa Stiles,0.16,29,9,,Clay,6.49,21.95,No,No,No,,Yes,Working Class,No,01-04-2017,01-02-2017,FPO AE 50307,-198.87
fffe3100380031003700,Sherman Bowers,0.47,11,7,1318,Bronze,4.15,13.13,No,No,No,Roadways,No,Working Class,No,11/22/17,11/23/17,APO AP 79851,-179.33
fffe3300390030003300,Erin Firestine,0.84,4,4,43,,3.39,15.75,No,No,Yes,Roadways,No,Working Class,No,06/25/15,06/23/15,FPO AA 02662,-214.77
fffe3400340030003400,Richard Belanger,0.55,35,18,59797,Bronze,238.2,87.86,No,No,No,Roadways,No,Working Class,No,10/28/17,10/31/17,"Lake Travischester, KY 67122",-1756.36
fffe3300370036003400,Elda Miller,0.57,7,5,,Stone,41.61,28.46,No,No,Yes,,No,Working Class,No,10-01-2017,10-03-2017,"Port Pamelaview, CA 77715",-537.6
fffe3300340034003000,Andrew Shifflett,0.54,35,8,278714,Marble,378.41,92.17,Yes,No,Yes,,No,Working Class,No,10/20/15,10/20/15,"West Rodney, NE 24655",-3673.54
fffe3400330035003800,Joyce Heppner,0.1,7,5,2666,,5.12,14.13,Yes,Yes,No,,No,Wealthy,No,06-07-2019,06-07-2019,"Dorothyburgh, MO 72192",-226.23
fffe3500300033003400,Jan Roth,0.34,8,,5153,,8.92,97.79,Yes,No,No,Waterways,No,Working Class,No,03-06-2017,03-07-2017,"Adamtown, HI 31798",-648.1
fffe3500340030003300,Georgie Miles,0.33,28,8,,Clay,8.71,24.06,No,Yes,No,,Yes,Working Class,,02/19/19,02/15/19,DPO AP 24937,-357.42
fffe38003000,Dennis Reed,0.25,14,7,5648,Brass,10.24,79.85,Yes,No,No,Waterways,No,Working Class,No,11-10-2018,11-11-2018,"Port Jessica, SD 38775",-480.86
fffe330032003000,Matthew Paul,0.35,32,20,91529,Brass,456.3,99.59,Yes,No,Yes,Waterways,No,Working Class,No,07/21/17,07/23/17,"South Dillontown, MN 59843",-2166.06
fffe3600360037003200,Leslie Leisenring,0.65,31,12,4475,Clay,27.1,24.77,No,No,No,Roadways,Yes,Working Class,No,03-05-2017,03-07-2017,"Andrefort, HI 97590",-569.38
fffe3200330035003200,Robert Clements,,30,8,10547,Bronze,38.22,33.93,Yes,No,No,,No,Working Class,No,07-11-2016,07-07-2016,"Lake Abigail, KY 67586",-579.35
fffe3100360031003300,Nicolas Matherly,0.22,16,7,3330,Brass,11.22,20.81,Yes,No,No,Waterways,No,Working Class,Yes,12-09-2016,12-10-2016,"South Bruceview, MA 51708",-205.17
fffe3600310036003100,John Dodd,0.58,15,6,44125,Stone,86.41,88.26,No,Yes,No,,No,Working Class,No,06-07-2015,06-03-2015,"Ariasborough, IL 80436",-3280.77
fffe3200390031003200,Glady Lund,0.28,3,3,,Stone,6.08,13.82,No,Yes,Yes,Roadways,No,Working Class,No,10-11-2017,10-10-2017,"Terranceport, OH 39547",-223.93
fffe3400370030003000,Helen Nguyen,0.74,19,7,929,,9.38,10.47,No,No,No,Roadways,Yes,Working Class,No,09/13/18,09/15/18,"Dianaside, MT 01209",-941.39
fffe3200390033003200,Jess Moore,,3,2,85,Marble,5.64,14.19,No,Yes,No,Airways,No,Working Class,No,12-04-2017,12-07-2017,"West Michelleton, ID 55392",-256.53
fffe3200320035003300,Martha Bednarz,0.74,23,7,1404,Clay,5.49,17.91,No,No,No,Roadways,Yes,Working Class,,08/31/16,08/28/16,"Barajasfort, AL 71760",-476.36
fffe3100320035003400,Helen Mcbeth,0.37,23,10,444173,Stone,2359.05,65.95,No,No,Yes,,No,Working Class,No,06/18/16,06/14/16,"Garciaside, GA 77709",-6102.69
fffe310034003800,Myriam Mcdonald,0.13,31,12,338703,Marble,179.03,25.76,No,No,No,Roadways,No,Working Class,,03/19/15,03/15/15,"New Ericview, NV 45161",-655.22
fffe3900340033003500,Nathan Copher,0.27,14,6,335,Aluminium,4.15,21.65,No,No,No,Roadways,No,Working Class,No,06/21/18,06/19/18,"Websterton, ME 17456",-177.7
fffe3600390033003000,Jasmine Eadie,0.45,36,15,110410,Brass,188.57,33.45,Yes,No,No,Waterways,No,Working Class,No,09-12-2015,09/15/15,"Elizabethmouth, DE 39365",-651.66
fffe3900370038003200,Eric Smith,0.43,4,3,32,Aluminium,4.16,22.2,No,No,No,Roadways,No,Working Class,Yes,09-06-2017,09-10-2017,"Hernandezhaven, MA 36632",-161.78
fffe3100320037003300,Ramona Devos,,,6,182,,4.01,16.92,No,No,Yes,,No,Working Class,No,01-03-2016,01-04-2016,"South Oliviamouth, SD 63646",-115.86
fffe3800390035003900,Aaron Radford,0.17,14,6,393,Aluminium,6.33,22.54,No,Yes,No,Airways,No,Working Class,No,08/17/18,08/15/18,FPO AA 22088,-174.99
fffe3900370032003700,Walter Marcus,0.5,30,20,870,Wood,6.41,16.11,Yes,Yes,Yes,Airways,No,Wealthy,No,08-02-2017,07/31/17,APO AP 83164,-475.08
fffe3400310033003100,Andrew Compton,0.43,15,8,163,Wood,3.19,13.89,No,No,Yes,Roadways,No,Working Class,,04/22/17,04/19/17,"South Carloston, OH 25487",-182.93
fffe380032003600,Terrie Barnes,0.12,24,,301767,Stone,715.93,52.35,Yes,No,Yes,Waterways,No,Working Class,No,07/28/15,07/28/15,"North Annaland, TN 09467",-1933.07
fffe3200380037003100,Brandon Bloodworth,0.64,12,8,285,Aluminium,3.62,21.02,No,No,No,Roadways,No,Working Class,No,06-10-2019,06/14/19,"Lake Andreatown, RI 76562",-248.57
fffe3900360033003600,Jennifer Stein,0.41,16,6,127,Wood,5.18,20.07,No,Yes,No,Airways,No,Working Class,No,10/22/18,10/23/18,"Port Jeffrey, OH 85677",-197.47
fffe3900370034003600,Charles Bell,0.78,16,7,267,Aluminium,3.19,11.17,Yes,No,Yes,Waterways,No,Working Class,No,12/23/18,12/20/18,APO AE 76540,-302.53
fffe3800390033003500,Ernesto Hoskins,0.42,10,4,57,Aluminium,6.92,24.71,No,No,Yes,Waterways,No,Working Class,No,06-05-2017,06-05-2017,"Lake Rebeccaside, NC 38103",-237.86
fffe3300350035003100,Marshall Johnson,,41,18,28778,Bronze,97.34,87.21,No,No,Yes,Roadways,No,Wealthy,,01/20/19,01/20/19,"New Katiebury, MI 71214",-1312.68
fffe3400360035003400,Darrell Moshier,0.25,37,8,13611,Bronze,32.43,69.33,No,No,Yes,Waterways,No,Working Class,No,10/29/15,10/26/15,"Lindaport, VT 69682",-604.6
fffe3300390037003700,Jean Perry,0.81,25,7,220,Wood,3.2,20.51,No,No,Yes,,No,Working Class,No,11/13/18,11-10-2018,"West Melissastad, HI 15517",-567.81
fffe3400320035003000,Henrietta Bergeron,,14,,150,Wood,6.42,13.76,Yes,No,No,Waterways,No,Working Class,Yes,08-08-2019,08-04-2019,"Christophershire, CO 01611",-326.91
fffe3400320033003100,Sonia Ping,0.67,22,8,241688,Stone,661.51,78.79,Yes,Yes,Yes,,No,Wealthy,No,12/17/16,12/18/16,"North Allen, FL 89123",-17963.1
fffe3400330037003600,Nathan Ross,0.76,16,6,,Aluminium,6.19,16.64,Yes,Yes,Yes,Airways,No,Working Class,,11/16/18,11-12-2018,DPO AP 22234,-588.97
fffe3700390039003000,Jennifer Leblanc,0.69,13,6,1328,Bronze,6.36,11.62,No,No,Yes,Roadways,No,Working Class,No,08/20/15,08/20/15,FPO AA 73730,-345.16
fffe3600300033003100,Melissa Arriaga,0.52,6,5,5741,Stone,30.53,81.56,Yes,No,No,Waterways,No,Working Class,No,01/15/18,01/19/18,"Cynthiafurt, KY 08897",-661.2
fffe3500310032003800,Lori Heath,0.18,20,6,157,Wood,4.98,10.66,No,Yes,Yes,Airways,No,Wealthy,No,06/18/18,06/16/18,"Micheleshire, NV 68873",-141.17
fffe3200350032003600,Sonja Lott,0.71,45,,832,Wood,4.33,10.78,Yes,Yes,No,Airways,No,Wealthy,,05-12-2018,05/16/18,"Watsonburgh, IL 47338",-404.9
fffe3400310037003400,Vilma Cruz,,13,6,879,Bronze,7.08,14.91,No,No,No,Roadways,No,Working Class,No,09-05-2018,09-07-2018,"Hannahmouth, MA 33209",-352.88
fffe3100390038003900,Dwight Serviss,0.41,16,,59337,,48.13,54.25,No,No,No,,No,Working Class,,08/16/17,08/16/17,"South Brianland, SC 38755",-673.15
fffe3300310038003800,Shannon Schultz,0.8,,20,2583679,,21161.39,74.42,No,Yes,No,Roadways,No,Working Class,No,06/27/15,06/25/15,"Marshallport, NE 08805",-115787.86
fffe3400310030003200,Priscilla Hance,0.11,7,4,442,Brass,3.43,12,No,No,No,Waterways,No,Working Class,,12/14/16,12/15/16,"North Dianaside, RI 94179",-123.57
fffe3100320030003800,Toya Belden,0.81,33,16,98883,Brass,259.2,60.9,No,Yes,No,Airways,No,Working Class,Yes,06-05-2019,06-02-2019,"South Robertmouth, OH 59287",-5585.99
fffe3800330031003200,Mark London,0.17,27,7,210,Wood,3.62,11.65,No,No,Yes,Roadways,No,Working Class,Yes,04/14/15,04/16/15,"Lake William, AZ 12318",-120.85
fffe350038003100,Elaine Martin,0.74,21,12,,,1906.22,61.53,No,No,Yes,Roadways,No,Working Class,No,03/14/17,03/16/17,"New Isaiahview, MO 84748",-3571.53
fffe3400310036003600,Shirley Mendez,0.31,3,2,17,Clay,5.02,21.44,No,Yes,No,Airways,Yes,Wealthy,Yes,07/31/18,08-02-2018,"Lake Joelfurt, OR 46558",-176.03
fffe3700340034003600,Heather Smith,0.96,10,4,254,Clay,6.16,16.25,No,No,Yes,Waterways,Yes,Working Class,No,11-02-2017,11-03-2017,FPO AA 98037,-615.1
fffe3200390038003900,Mildred Sanchez,0.5,29,20,1432756,,4745.6,59.41,Yes,No,Yes,,No,Working Class,,07/22/18,07/22/18,"East Jessica, SD 81187",-20464.18
fffe3200340036003600,Joseph Wilkerson,0.81,46,10,55040,,206.75,73.21,Yes,Yes,No,,No,Wealthy,No,05/30/15,05/28/15,"South Garyfurt, ID 50345",-4959.93
fffe3900330034003900,Daniel Blumenfeld,0.59,39,6,14966,Brass,57.19,93.12,No,No,No,Waterways,No,Working Class,No,07/14/19,07/14/19,"East Nancyview, VA 82160",-1636.4
fffe3900380039003900,Mary Cohen,0.66,8,4,92,Aluminium,6.91,10.71,No,Yes,No,Airways,No,Wealthy,Yes,09/21/15,09/17/15,FPO AP 35358,-304.57
fffe3200300032003800,Ethel Allard,0.74,24,12,,,3.28,23.23,No,No,No,,No,Working Class,No,12-02-2015,12-06-2015,"New Gloriafurt, AK 46820",-431.32
fffe3700330030003100,Katrina Meeks,0.31,5,5,349,Brass,5.81,13.32,No,Yes,No,Airways,No,Wealthy,No,01/25/15,01/27/15,APO AE 32000,-172.58
fffe3900390034003500,Sean Demetriou,0.22,36,10,3003,Clay,5.54,11.85,No,No,No,Roadways,Yes,Working Class,No,02-03-2015,02-02-2015,"Sheilaberg, KY 89137",-174.92
fffe3600320036003700,Frank Duncan,0.44,33,11,1235,,6.27,15.94,Yes,No,Yes,,No,Working Class,No,02-09-2016,02/13/16,"Kimberlyshire, NY 53548",-261.53
fffe350032003700,Gus Johnson,0.44,27,7,204525,Marble,276.87,78.71,No,No,No,,No,Working Class,,06-08-2018,06-08-2018,"New James, WI 91735",-1411.3
fffe3900380036003000,Rebecca Dalphonse,0.26,4,3,14,Aluminium,6.59,17.56,No,Yes,No,Airways,No,Wealthy,Yes,12/15/17,12/17/17,"Nancychester, DC 44713",-157.16
fffe3200380037003400,Joe Contreras,0.18,11,7,,Brass,6.26,17.66,Yes,No,No,Waterways,No,Working Class,No,07-08-2015,07-12-2015,FPO AE 84384,-157.55
fffe3700330035003700,Stephen Teixeira,1,43,13,43735,Bronze,115.44,86.23,Yes,Yes,No,Airways,No,Working Class,Yes,07-07-2016,07-07-2016,"North Travis, OR 80484",-7401.55
fffe3700390034003900,Edna Kuster,0.89,7,5,403,Bronze,5.54,16.9,No,Yes,No,Roadways,No,Working Class,No,02-11-2015,02-09-2015,"Greenstad, NJ 80051",-398.86
fffe3400310030003300,Mary Paine,0.08,20,10,242733,Marble,252.32,53.8,No,No,Yes,Roadways,No,Working Class,No,06/15/17,06/15/17,"North Ashleytown, KY 40719",-873.43
fffe3400310035003400,Kimiko Navarro,0.36,9,,,Bronze,5.74,18.18,No,Yes,Yes,Airways,No,Working Class,No,12-09-2015,12-09-2015,"Watkinsstad, AR 75907",-206.32
fffe3700310036003300,Tommy Vargas,0.35,6,4,2091,Marble,9.62,11.95,No,No,No,Roadways,No,Working Class,No,01-02-2018,12/29/17,"Jarvisfurt, CA 49961",-268.72
fffe3100340030003000,Michell Kaufman,0.82,10,4,65,Aluminium,3.07,18.17,No,No,Yes,,No,Working Class,No,12/13/17,12/13/17,"East Christinaburgh, OK 52416",-290.64
fffe3300330038003000,Adam Taylor,0.27,58,27,24675,Clay,56.86,29.79,No,Yes,No,Roadways,Yes,Wealthy,No,08-09-2015,08/13/15,"Allenstad, NC 67270",-818.83
fffe3200390033003000,Scott Bake,0.35,44,,7940489,Stone,16980.47,69.04,Yes,No,Yes,Waterways,No,Working Class,No,08/28/18,08/31/18,"Torreshaven, KY 59284",-21723.31
fffe3800300031003700,Melvin Edmunds,0.15,18,12,753,Aluminium,4.41,19.31,No,No,No,Airways,No,Working Class,No,06/14/18,06/14/18,APO AA 22924,-146.3
fffe3100350031003700,Martha Moyer,0.37,30,,25238,Bronze,89.21,48.93,No,No,No,Roadways,No,Wealthy,Yes,03/16/15,03/16/15,"North Julieville, NH 73920",-1244.76
fffe3600340038003200,Matthew Anderson,0.12,23,6,128,,6.45,23.83,No,No,Yes,,No,Working Class,No,12/26/18,12/24/18,"West Jason, AZ 53816",-172.25
fffe3700300033003500,Anne Nath,0.19,7,4,105,Clay,4.56,21.18,No,Yes,No,Roadways,Yes,Wealthy,Yes,08/31/17,09-04-2017,"East Stevenside, WA 47569",-165.26
fffe3100360030003800,Carol Roberson,0.89,50,11,97829,Brass,1005.56,36.74,No,No,Yes,,No,Working Class,No,01/21/15,01/25/15,"Nancyville, KS 95657",-4719.74
fffe3600360031003200,Shonna Johnson,0.43,42,18,10374,Clay,17.87,45.38,Yes,No,No,Roadways,Yes,Working Class,Yes,09/18/16,09/17/16,"Michaelborough, AL 56982",-867.52
fffe3400380032003100,Sylvia Gentry,0.1,20,10,717,Aluminium,5.93,19.12,No,No,No,Roadways,No,Working Class,,01-07-2018,01-09-2018,"Philipchester, CA 40509",-129.89
fffe3400320032003100,Crystal Jimenez,0.63,19,6,2240,Brass,10.21,17.03,Yes,No,No,Waterways,No,Working Class,No,03-09-2017,03-11-2017,"New Sarah, MN 40253",-282.95
fffe3900300033003700,Mary Hughes,0.26,15,8,4722,Brass,6.31,14.58,Yes,Yes,Yes,Airways,No,Wealthy,No,04/29/19,04/28/19,"East Thomasmouth, AZ 33272",-350.94
fffe3100330039003500,Jackie Spain,0.16,9,4,,Marble,10.81,14.97,No,No,No,,No,Working Class,No,11-04-2018,11-04-2018,"West Brittanyville, PA 86270",-184.73
fffe3100370039003400,Sterling Gonzalez,0.58,3,2,36,Brass,4.39,11.99,No,Yes,No,,No,Working Class,,07-11-2017,07-10-2017,"Cynthiaberg, NY 38258",-161.67
fffe3200390031003800,David Day,,10,4,5240,,5.35,28.4,Yes,No,No,Waterways,No,Working Class,No,01/26/18,01/27/18,"Ritaport, MI 75536",-567.72
fffe3600320031003200,Scott Armstrong,0.54,10,4,71,Wood,6.19,23.35,No,Yes,No,,No,Working Class,,08/17/15,08/17/15,"West Kevin, NC 55273",-262.19
fffe3200300035003200,Dessie Wade,,4,,,Marble,4.68,12.05,No,No,Yes,Roadways,No,Wealthy,Yes,10/29/15,10/26/15,FPO AE 60172,-217.65
fffe3900310033003000,Helen Coughlin,0.42,42,9,2202536,Stone,8910.21,96.97,Yes,No,No,Waterways,No,Working Class,No,09/13/17,09-10-2017,"Scottmouth, WI 42898",-84990.55
fffe3900360039003900,Elizabeth Mcdaniel,0.72,12,7,337,Clay,6.28,20.26,Yes,No,Yes,Roadways,Yes,Wealthy,No,09/21/18,09/25/18,"Trujilloville, AK 54159",-533.03
fffe3500320037003100,Dorothy Suggs,0.46,40,,4835604,Marble,24069.16,40.12,No,No,No,Waterways,Yes,Working Class,No,07-01-2015,06/27/15,"Freemanland, FL 47151",-47523.2
fffe39003700,James Cruz,0.3,,9,301,Wood,3.15,18.48,Yes,Yes,Yes,,No,Working Class,No,10-10-2018,10-08-2018,"Ayalaville, IN 85014",-223.42
fffe3300330037003900,James Schulist,,22,13,715,Wood,3.06,22.82,Yes,Yes,No,Airways,No,Wealthy,No,08-04-2016,08-05-2016,"Waltersville, OR 55293",-490.22
fffe3400310037003800,Dorothy Degeorge,0.77,,,219,Wood,3.28,11.15,Yes,No,Yes,,No,Working Class,,09/25/16,09/25/16,"North Kenneth, AR 53422",-267.38
fffe3200340037003000,Shirley Dupree,0.42,20,9,331,Wood,5.96,15.33,Yes,No,No,,No,Working Class,,03/16/19,03/14/19,"Johnshire, UT 81990",-198.53
fffe3600320033003400,Rebecca Gaters,0.42,20,8,54822,Marble,47.39,38.87,No,Yes,Yes,Roadways,No,Wealthy,,04/17/19,04/18/19,"Caldwellmouth, NJ 63272",-836.99
fffe380038003700,Marilyn Palmer,0,6,4,79,Aluminium,3.8,18.51,No,Yes,No,Airways,No,Wealthy,Yes,12/27/16,12/24/16,"West Michelle, WV 12783",-149.96
fffe3800320032003500,Lisa Tuttle,0.15,46,19,3192344,Marble,2802.14,70.93,No,No,No,Roadways,Yes,Working Class,No,06-06-2019,06-08-2019,FPO AE 99854,-5888.11
fffe3600320039003300,Brenda Mancha,0.64,42,24,6497,Aluminium,25.95,72.47,No,No,No,Roadways,No,Wealthy,,05/31/16,05/29/16,FPO AA 21026,-1834.32
fffe3900340035003800,Mildred Johnston,0.6,15,7,329,Aluminium,5.1,15.44,No,No,No,Roadways,No,Working Class,Yes,04-11-2018,04-12-2018,"Stewartstad, PA 18312",-248.06
fffe3500360038003800,Eric Lecky,0.09,,11,,Wood,6.06,12.12,Yes,No,Yes,,No,Working Class,,05/22/18,05/26/18,"North Carlabury, KS 40302",-112.56
fffe3700340032003300,Sarah Vincent,0.68,23,17,252208,Marble,1904.42,47.69,No,Yes,No,Airways,No,Wealthy,No,04-03-2019,04-03-2019,DPO AE 91808,-4937.71
fffe3400340035003900,Courtney Applin,0.41,36,11,2000665,Stone,8564.29,51.78,Yes,No,Yes,,No,Working Class,No,09/21/17,09/21/17,"Steeleburgh, WA 71772",-108848.19
fffe3400350036003700,Brian Harris,0.76,24,12,403462,Marble,2227.26,89.85,No,No,No,Roadways,No,Working Class,No,07/21/17,07/22/17,"Port Nathanview, AZ 78246",-8114.24
fffe3200330037003500,Mark Williams,0.18,11,8,2065,Bronze,5.36,14.94,No,No,No,Airways,No,Working Class,No,11-11-2016,11-11-2016,"Andreaborough, MD 65939",-155.85
fffe3700360035003500,Joshua Owens,0.24,28,11,896,Aluminium,3.83,15.43,No,No,No,Roadways,No,Working Class,No,01/31/17,01/28/17,"Kingmouth, OH 54393",-154.19
fffe3800370039003300,Betty Brown,0.07,38,21,12953,Clay,7.08,53.85,No,No,Yes,Airways,Yes,Working Class,No,04-05-2018,04-05-2018,"Lake Marcusport, AK 54974",-475.45
fffe350039003900,David Mcfadden,0.13,9,5,,Bronze,4.3,12.91,No,Yes,Yes,,No,Wealthy,No,03/28/18,03/25/18,"Elizabethhaven, MA 84125",-184.48
fffe3500340031003400,Shirley Jares,0.06,13,7,39956,Stone,56.62,59.6,No,No,Yes,Waterways,No,Working Class,No,02-12-2016,02/16/16,"Caldwellhaven, WV 30717",-385.65
fffe3500310039003800,Maxine Christopher,0.59,7,5,120,,4.01,13.07,No,Yes,Yes,Airways,Yes,Wealthy,No,02/13/19,02/16/19,APO AA 87601,-208.95
fffe3600330039003900,Nancy Stanton,0.4,4,3,226,Marble,5.19,20.8,No,No,Yes,Roadways,No,Wealthy,No,05-01-2016,04/27/16,"Port Christine, DC 21141",-284.86
fffe3500340032003600,Maryjane Hudson,0.05,23,10,151,Wood,6.26,18.06,No,No,No,,No,Working Class,No,05/16/18,05/15/18,"South Josephville, VA 13834",-120.5
fffe3100320035003000,Dorothy Kubie,,51,,23972911,Stone,68090.98,92.93,No,No,No,,No,Working Class,No,01/24/17,01/24/17,"Maxwellside, CA 17927",-588183.2
fffe360038003300,Irene Bruns,0.27,17,7,,Bronze,8.21,22.4,No,No,Yes,,No,Working Class,No,06-11-2017,06/13/17,"Johnsonchester, NJ 18219",-251.1
fffe3100350034003300,Thomas Gritton,0.37,9,,,,4.41,23.94,Yes,No,Yes,,No,Working Class,No,06-03-2018,06-01-2018,"South Evanburgh, RI 81242",-227.45
fffe3200380037003700,Harley Nelson,0,31,16,1641621,Marble,1181.16,93.14,Yes,Yes,No,,No,Working Class,No,10/15/16,10/15/16,"Wardport, PA 15890",-4385.12
fffe3600390039003800,Louie Womble,0.16,20,7,26330,Marble,45.1,40.64,No,No,No,Roadways,No,Working Class,No,02/25/17,02/23/17,"Port Cole, OK 37473",-388.38
fffe3800300034003200,Nancy Dietzel,0.63,7,5,710,Brass,6.61,12.04,No,Yes,No,Airways,No,Working Class,Yes,04/27/15,04/28/15,"Reynoldsbury, NE 38591",-281.72
fffe3300340030003700,Edward Moreau,,13,,99,Wood,5.01,16.12,Yes,No,Yes,,No,Working Class,No,02/20/18,02/19/18,"Annaton, NJ 68823",-253.75
fffe3300350030003300,David Hickling,0.1,18,15,,Wood,6.43,19.89,No,No,No,Airways,No,Working Class,Yes,10/30/18,10/27/18,"Bowersland, ME 46248",-157.66
fffe3100360039003500,Heather Price,0.58,,16,913,Wood,6.08,20.91,No,Yes,No,Airways,No,Wealthy,No,07-08-2016,07-06-2016,"New Timothy, MA 05959",-498.1
fffe3200330038003900,Allen Bradley,,,17,2427691,Marble,17547.88,48.1,No,No,No,Roadways,Yes,Working Class,Yes,02/19/17,02/19/17,"Mitchellfurt, MO 01184",-31313.28
fffe3200330037003300,Trey Manship,0.18,17,6,643,Aluminium,6.84,22.08,No,No,Yes,,No,Wealthy,No,02-07-2015,02-07-2015,"Duffyfort, NM 34404",-195.11
fffe3100380035003900,Tiffany Mercardo,0.22,11,6,619,Brass,3.63,23.25,No,No,Yes,,No,Working Class,No,11/15/16,11/17/16,"Port Michaelmouth, NE 34074",-192.09
fffe3400340034003500,Sara Edwards,0.01,28,10,591,Wood,5.57,14.65,Yes,No,Yes,Airways,No,Working Class,No,04/25/18,04/28/18,"Floydberg, MT 05777",-122.22
fffe3900350036003000,Lee Young,0.65,14,8,163,Wood,3.14,17.36,No,No,Yes,Roadways,No,Working Class,No,06/30/18,07-01-2018,"New Elizabeth, TX 03890",-265
fffe3900310039003200,Denise Freeman,0.33,31,9,898942,Stone,2903.96,96.09,No,No,No,Roadways,No,Working Class,Yes,04/18/16,04/19/16,APO AE 94296,-6146.55
fffe3100360032003900,Evalyn Warner,,7,,4113,Marble,20.84,16.5,No,No,Yes,,No,Working Class,Yes,02/23/19,02/19/19,APO AA 20158,-310.63
fffe3800370038003800,Rosemary Corn,0.44,47,16,3829,Aluminium,8.16,14.61,No,Yes,Yes,Airways,No,Working Class,No,03-12-2018,03-08-2018,"East Cheryl, NC 70645",-560.24
fffe3500370030003500,David Hipple,,16,8,258,Wood,3.05,17.92,No,No,Yes,Roadways,No,Working Class,No,02-02-2015,01/30/15,"Claytonfurt, PA 42474",-442.52
fffe3400300035003700,Steven Thomas,0.62,28,9,20185,Brass,25.68,37.38,No,Yes,No,Airways,No,Working Class,Yes,03/27/15,03/26/15,"South Elizabeth, VA 20439",-1122.36
fffe3200300030003900,Mary Martin,0.41,28,16,,Wood,3.13,24.92,Yes,Yes,No,Airways,No,Working Class,No,11/14/17,11-11-2017,"Sanchezbury, GA 78045",-326.66
fffe3600310038003400,Thelma Provost,0.52,9,5,441,,5.28,13.91,No,Yes,Yes,Roadways,No,Working Class,No,01/18/18,01/19/18,"Port Nicolebury, AL 88990",-225.7
fffe3900370037003600,Clark Pagan,0.34,29,19,51019,Bronze,111.54,94.99,Yes,No,Yes,Waterways,No,Working Class,No,12-12-2016,12/15/16,"Lucasfurt, MA 73980",-1042.36
fffe3900350037003600,Donald Tarantino,0.9,38,22,22025,Clay,205.8,54.95,No,Yes,No,Airways,Yes,Wealthy,Yes,05-04-2019,05-08-2019,"Bonnieburgh, DC 90014",-4975.88
fffe3300340038003300,Denise Lamark,,36,23,1314125,Marble,1368.62,90.75,No,No,Yes,Roadways,Yes,Working Class,Yes,12-07-2017,12-07-2017,"Tuckerville, MI 59841",-3501.71
fffe3500360035003800,David Payne,0.28,7,4,113,,5.2,24.77,Yes,No,Yes,,Yes,Working Class,,10-09-2017,10-09-2017,"Ruizmouth, NC 03445",-205.17
fffe3500350031003300,Shannon Thompson,0.03,3,2,,Brass,5.96,13.53,Yes,No,No,Airways,No,Working Class,No,05-05-2015,05-09-2015,"West Johnbury, NV 80399",-127.07
fffe3300320034003400,Arthur Villagomez,0.65,6,5,4928,,31.52,16.61,Yes,Yes,No,Airways,No,Wealthy,No,01/17/16,01/21/16,"Alanmouth, DE 81311",-496.11
fffe3600390038003400,Keith Olmstead,0.58,13,6,2933,Brass,6.02,13.8,Yes,No,No,Roadways,No,Wealthy,No,03/13/16,03/15/16,"Martinezhaven, CT 56802",-351.12
fffe3900390038003700,James Berry,0.81,9,4,70,Wood,6.37,18.8,No,Yes,No,Airways,No,Working Class,Yes,11-07-2017,11-05-2017,"East James, TX 26324",-448.22
fffe330032003100,Lois Sutherland,0.19,23,6,7533,,15.25,66.31,No,Yes,No,Airways,No,Wealthy,,08/22/16,08/25/16,"Carlosbury, WA 06935",-450.08
fffe33003800,Duane Arroliga,0.22,32,12,11192,Bronze,9.89,82.5,Yes,No,Yes,,No,Working Class,No,01/30/19,01/30/19,"Jessefort, IN 68507",-736.66
fffe3700350035003700,Guy Quiroz,0.82,25,8,7384,Bronze,21.68,95.46,No,Yes,No,Airways,No,Working Class,Yes,04-09-2016,04-05-2016,"Courtneymouth, SC 06514",-2670.39
fffe3500310037003000,Maria Disney,0.49,32,19,30968,,94.79,91.52,No,No,Yes,,No,Working Class,Yes,06/26/18,06/22/18,"Miguelberg, GA 42612",-3774.97
fffe3900320036003100,Juan Dabney,0.28,23,11,736707,Stone,475.61,93.4,Yes,No,No,Airways,No,Working Class,Yes,07/27/17,07/26/17,"Lake Timothy, KY 25145",-5116.85
fffe3100380038003900,Thelma Held,,20,16,460784,Marble,2098.62,69.27,No,No,Yes,,No,Working Class,No,11-11-2018,11/15/18,APO AE 15117,-4419.69
fffe3500330032003900,Janet Sager,0.08,62,17,145936,Bronze,139.18,93.05,Yes,No,Yes,,Yes,Working Class,Yes,05/18/17,05/17/17,"Davidsonberg, NH 12405",-952.94
fffe3200,Mose Fuller,0.33,8,4,2548,Stone,10.14,10.77,No,No,Yes,Roadways,No,Working Class,No,05-08-2017,05-11-2017,"Jamesport, WV 79811",-207.49
fffe3900380033003700,Audrey Keene,0.39,15,6,30515,Marble,37.73,72.63,No,Yes,No,Airways,No,Wealthy,Yes,12/29/15,12/26/15,"Schmidtshire, NJ 23320",-889.79
fffe370031003000,Shirley Stewart,0.54,33,16,1880789,Marble,9728.85,91.41,Yes,No,No,,No,Working Class,No,11/15/18,11/13/18,"East Dianeberg, AZ 03323",-244885.22
fffe3800340035003700,Barbara Wilson,0.12,19,7,109618,Marble,83.45,46.89,No,No,No,Roadways,No,Working Class,No,08/18/16,08/18/16,"Lake Elizabethfurt, NM 45023",-566.43
fffe3600330031003500,Maurice Hilliard,0.49,5,,35,Wood,4.55,15.87,No,No,No,Roadways,No,Working Class,No,05/31/18,05/30/18,"Stephenport, NM 04683",-155.39
fffe3500340031003100,Lori Mcneill,,39,,717,Aluminium,6.48,16.69,No,No,No,Waterways,No,Working Class,No,11/13/18,11/13/18,"New Jamesside, MN 91881",-133.82
fffe3400300036003300,Bernice Powell,,6,4,3513,Stone,11.23,12.73,Yes,Yes,Yes,,No,Wealthy,Yes,05-10-2018,05-09-2018,"Lake Priscilla, AK 82451",-324.3
fffe3500390030003200,Mary Wake,0.96,18,7,123,Wood,4.28,22.25,Yes,No,Yes,Airways,No,Working Class,,12-08-2017,12-11-2017,"Port Charles, VT 06705",-705.98
fffe3400350035003300,Robert Franks,0.72,11,7,277,Aluminium,5.07,15.97,No,Yes,No,,No,Working Class,No,01/25/17,01/27/17,"South Gabrielahaven, WI 46598",-290.65
fffe3900340032003100,Don Webster,0.64,38,20,11196264,Stone,16819.89,75.61,No,No,Yes,Roadways,No,Working Class,No,09/24/15,09/24/15,"Galvanfort, NM 77022",-54076.65
fffe380037003300,Ahmed Mitchell,0.02,36,19,5073,Aluminium,7.5,56.81,No,Yes,No,,No,Working Class,No,12-07-2016,12-10-2016,"Greenbury, VT 14449",-247.25
fffe3100320035003600,Richard Rogers,0.77,17,12,15355,Brass,70.87,60.76,No,No,Yes,,No,Working Class,No,11-06-2017,11-08-2017,"New Brandonview, ID 21416",-3756.61
fffe3300360031003600,Margaret Roden,,33,,5995,Clay,13.32,80.87,No,No,No,Roadways,Yes,Working Class,No,03-12-2017,03/16/17,"North Christian, AR 10685",-1723.86
fffe3100320036003200,Dianne Edgar,0.48,24,,9384,Brass,48.9,82.37,No,No,No,,No,Working Class,No,07/31/19,08-01-2019,"New Christopherton, NC 62022",-919.77
fffe3100390030003000,David Sokolsky,,15,6,137,Wood,5.78,10.81,No,No,No,Waterways,No,Working Class,Yes,02/26/16,02/24/16,"East Michael, CA 38964",-117.99
fffe3400310038003600,Alberta Rivera,0.61,37,20,,,136.35,55.3,Yes,No,No,,No,Working Class,,09/13/18,09-12-2018,"Port Raymondmouth, NM 85092",-1717
fffe3600370034003600,Larry Mcdonald,0.41,14,7,94548,Stone,448,42.33,No,Yes,No,Roadways,No,Wealthy,No,04/29/19,05-02-2019,"New Courtney, ND 52094",-2331.88
fffe330031003100,James Richardt,0.5,,,398,Aluminium,4.54,21.85,Yes,No,No,,No,Working Class,No,10-05-2018,10-01-2018,"Janicechester, TN 28160",-280.57
fffe340035003300,Lisa Allen,0.79,5,4,1316,Marble,6.89,12.44,No,Yes,No,,No,Wealthy,,04-02-2019,03/31/19,"Warnerside, NM 49967",-444.31
fffe3900310036003400,Lenora Gilkerson,0.41,30,12,17246,Bronze,8.11,51.54,Yes,No,No,Waterways,No,Working Class,No,10/13/18,10/17/18,"South Brendachester, UT 26287",-540.52
fffe3400300038003400,Clara Weller,,3,3,12,,6.49,21.38,No,Yes,Yes,Roadways,No,Wealthy,No,07/13/19,07-10-2019,"East Kimberlymouth, NM 90305",-174.52
fffe3700310036003800,Helen Wynn,0.46,26,9,648821,Stone,1047.38,93.18,No,No,No,Waterways,No,Working Class,No,04/17/15,04/17/15,"Harrisbury, IA 46349",-2738.06
fffe3100370031003900,Marvin Wright,0.4,39,26,16388,Clay,99.83,62.86,No,No,No,,Yes,Working Class,Yes,05-10-2017,05-11-2017,"East Paige, TN 83622",-1974.93
fffe3100320039003400,Christina Forrest,0.34,8,4,109,Aluminium,3.59,21.2,No,No,No,Roadways,No,Wealthy,No,01-03-2017,01-03-2017,FPO AP 10450,-179.24
fffe3400390031003400,Sandra Bowman,0.31,11,,,Clay,3.95,17.95,Yes,Yes,No,,Yes,Wealthy,No,10/28/15,10/30/15,"South Tamara, VA 06275",-207.34
fffe3900300031003800,Lawrence Soledad,0.16,34,7,243265,Marble,171.37,75.61,No,No,No,Airways,No,Wealthy,Yes,05/16/19,05/18/19,"South Eric, AK 33661",-1111.3
fffe3600340038003000,Andrea Byrd,0.31,23,,18687,Brass,41.35,46.94,No,No,Yes,Roadways,No,Working Class,Yes,08-07-2018,08-04-2018,DPO AA 98861,-700.89
fffe3200390036003900,Bert Ortega,,36,18,5284901,,17380.45,40.97,No,No,No,Roadways,No,Wealthy,No,11/18/15,11/17/15,"New Latoyaberg, NC 86162",-25961.05
fffe3300330036003400,Patrick Rivera,0.36,48,28,2975,Wood,6.66,12.2,No,No,No,Roadways,No,Working Class,Yes,07/16/17,07-12-2017,"Port Jenniferberg, SD 98891",-240.33
fffe3600310032003400,Concetta Medina,0.27,28,13,2223,,6.03,18.1,No,Yes,No,Roadways,No,Wealthy,Yes,09/21/18,09/18/18,APO AP 50652,-266.06
fffe3400300038003600,Johnny Krings,0.79,35,11,31917,Brass,145.44,25.87,No,No,No,Waterways,No,Working Class,Yes,04-03-2015,04-03-2015,"West Nicoleville, NV 13132",-1036.57
fffe3300380039003000,Leona Fong,0.46,17,10,185865,Marble,678.53,57.85,Yes,No,No,Waterways,No,Working Class,No,11/14/16,11/13/16,"Michelefurt, ID 51947",-4639.57
fffe3200370038003800,Juan Saska,0.41,61,,,Brass,404.27,72.08,No,No,Yes,Airways,Yes,Working Class,No,08/20/19,08/19/19,"West Tinaside, MS 34070",-5924.81
fffe3500330037003000,Dean Bento,0.22,28,13,1690,Aluminium,4.3,20.6,No,No,No,,No,Wealthy,No,04-12-2019,04-11-2019,APO AA 72851,-193.6
fffe3600350031003200,Laura Lonon,0.03,7,4,46,Wood,3.73,11.17,No,Yes,Yes,Airways,No,Wealthy,No,10-09-2016,10/13/16,"West Dean, MA 21140",-96.27
fffe3900340037003300,Francisco Epstein,0.91,21,11,814,Aluminium,5.11,14.92,No,No,No,Airways,No,Working Class,No,07/20/17,07/19/17,"East Robertville, RI 63085",-574.95
fffe3200350037003400,Harvey Jones,,30,10,646331,,3765.51,37.27,No,No,Yes,Waterways,No,Working Class,Yes,11-06-2016,11-08-2016,"Woodberg, MD 10957",-20476.74
fffe3900360032003600,Marlene Winkle,0.79,4,3,40,Aluminium,4.89,11.55,No,No,Yes,Roadways,No,Working Class,No,01/24/17,01/24/17,"Emilyberg, HI 65579",-177.79
fffe3400300033003800,Garnet Ramsey,0.87,5,3,144,,5.98,11.47,No,No,Yes,Roadways,No,Working Class,No,12/13/16,12/15/16,"North Cynthiashire, LA 45925",-270.46
fffe3700330030003600,Melvin Taylor,0.3,9,5,311,Clay,6.87,13.16,Yes,No,No,Waterways,Yes,Wealthy,No,05-02-2015,05-03-2015,"Cameronfurt, NV 71627",-167.14
fffe3500340038003400,Elvira Holland,0.92,,9,518773,,1404.97,60.79,No,Yes,No,Roadways,No,Working Class,,02/27/17,02/28/17,"Riceshire, CT 42572",-8782.7
fffe340034003500,Elizabeth Ross,0.1,37,,,Stone,7976.46,33.73,No,Yes,No,Airways,No,Wealthy,No,07/13/17,07/13/17,"New Matthewfort, CO 04552",-57662.98
fffe3100390037003000,Cherish Robinson,0.59,17,6,,Bronze,21.47,19.49,Yes,No,No,Waterways,No,Working Class,No,10-02-2016,10-06-2016,"Kellyburgh, IN 14009",-290.32
fffe3300310033003800,Daniel Shoemake,0.5,18,6,5423,Brass,42.62,29.65,Yes,No,No,Airways,No,Working Class,No,10/31/15,11-03-2015,"New Julietown, WY 81197",-520.35
fffe3700350037003700,Thomas Vazquez,0.62,15,7,29259,Stone,98.68,35.08,No,Yes,Yes,Roadways,No,Working Class,Yes,12-10-2016,12-11-2016,"North Seanberg, GA 68150",-5592.07
fffe3800300033003500,Orlando Bergeron,0.96,28,11,437435,Marble,864.8,56.54,Yes,No,No,Waterways,No,Working Class,No,11-07-2017,11-07-2017,"South Daniel, WI 54672",-133988.47
fffe3300360032003700,Alexander Roland,0.04,42,15,4408968,,3121.58,55.29,Yes,Yes,Yes,,No,Working Class,No,09-07-2017,09-11-2017,"Lopezview, UT 42900",-28577.57
fffe3100320036003100,Robert Salvador,,33,,6297,Clay,21.75,27.38,No,No,No,Airways,Yes,Wealthy,No,06-01-2019,06-01-2019,"South Kendra, WI 31113",-594.69
fffe3700370035003700,Jane Burke,0.44,23,8,819,Aluminium,5.64,23.82,No,No,Yes,Roadways,No,Wealthy,No,11/30/18,11/26/18,"New Melissafurt, TX 74796",-360.34
fffe3100340036003000,Benjamin Young,0.72,9,5,6949,Stone,57.9,80.43,No,Yes,No,Airways,No,Wealthy,No,05-04-2017,04/30/17,"Port Jonathan, ID 55569",-1817.12
fffe3800320031003100,David Delacruz,0.82,4,3,41,Aluminium,4.54,13.28,Yes,No,No,Waterways,No,Working Class,No,06/22/17,06/23/17,DPO AA 43727,-185.59
fffe3400370034003400,Kari Williams,0.53,40,25,2288,Wood,5.84,11.46,Yes,Yes,No,Airways,No,Wealthy,No,04-06-2015,04-05-2015,"Lake Mathew, MS 98597",-422.41
fffe3500370031003100,Merle Jones,0.55,3,2,5,,6.19,23.19,Yes,Yes,Yes,,No,Wealthy,No,07-03-2017,07-01-2017,"Greeneborough, TX 49807",-268.36
fffe3300300037003300,Raymond Macri,0.39,36,10,6152,Bronze,11.69,46.51,No,Yes,Yes,Airways,No,Wealthy,No,07/18/15,07/14/15,"Taylorville, DE 07750",-722.84
fffe33003900,Maria Brescia,0.14,48,10,1269039,Marble,1745.31,79.1,Yes,No,Yes,Waterways,Yes,Working Class,Yes,06-12-2015,06/16/15,"Davidland, AZ 20969",-2437.61
fffe3900380033003800,Thomas Olague,0.75,16,8,7471,Brass,62.82,75.3,No,Yes,Yes,Airways,No,Wealthy,No,02/16/19,02/14/19,"Port Jasonbury, AK 94773",-3170.66
fffe3300380036003400,Mildred Parr,0.45,10,5,58,Wood,6.55,24.06,Yes,No,Yes,,No,Working Class,Yes,03/29/18,03/25/18,"Timstad, WI 13713",-319.68
fffe3300310033003900,Tracy Wilham,,5,4,63,Aluminium,3.63,10.34,No,Yes,No,Roadways,No,Wealthy,No,08/26/15,08/23/15,"Lake Wanda, NE 31638",-174.39
fffe3900340034003600,Matthew Jaeger,0.39,32,13,731099,Marble,1707.26,90.63,No,No,Yes,Waterways,No,Working Class,No,03/29/17,03/31/17,"Lake Katrinaview, CO 66817",-2595.64
fffe3800350037003400,Verna Richardson,0.47,20,8,696,Aluminium,6.22,19.18,Yes,Yes,Yes,Airways,No,Working Class,Yes,02-02-2019,02-01-2019,"Lake Brandon, MT 57137",-361.49
fffe3200330036003500,Richard Nunez,0.51,41,15,,Clay,10.31,98.62,Yes,Yes,Yes,Airways,Yes,Working Class,,02-04-2018,02-04-2018,"Andrewville, TX 07508",-2255.64
fffe3500320032003200,Kelly Kelley,0.38,34,11,1828191,,3961.16,93.73,No,Yes,No,Airways,No,Wealthy,,05-04-2015,05-03-2015,"Port David, FL 04762",-19503.05
fffe3900330038003000,Joseph Jones,0.57,13,7,467,Aluminium,3.63,13.62,Yes,No,No,Waterways,No,Wealthy,No,06-09-2019,06-09-2019,"North Josefurt, IN 49368",-211.36
fffe370034003900,Jacob Siebert,0.57,17,7,3565,Bronze,26.09,20.35,No,No,Yes,,No,Working Class,No,08-05-2019,08-01-2019,"Lake Richardview, OK 47134",-426.22
fffe3800380031003000,Leora Banks,0.39,25,9,8020,Bronze,5.07,98.51,No,No,Yes,Airways,No,Working Class,No,04/24/15,04/25/15,APO AE 30798,-883.95
fffe3600390039003300,William Ligon,0.71,7,4,243,Bronze,6.18,16.18,No,No,No,Waterways,No,Wealthy,No,07/22/19,07/20/19,"Matthewland, ID 67047",-347.49
fffe3500300034003300,Mary Rombough,0.68,42,33,150750,,331.59,28.58,No,No,Yes,Roadways,No,Working Class,No,04/15/15,04/17/15,DPO AA 11944,-3376.33
fffe3700310030003900,Jillian Hicks,0.66,33,8,558197,Stone,1139.14,34.93,No,No,Yes,Roadways,No,Working Class,No,08/15/15,08/16/15,"Garzamouth, MT 88957",-5147.2
fffe3800350031003000,Victor Ragle,0.9,13,7,198,Aluminium,5.05,17.76,No,Yes,Yes,Roadways,No,Wealthy,No,05/16/17,05/16/17,"West Kristinstad, AK 28091",-583.83
fffe3800320039003400,Thomas Hall,0.3,9,4,4983,Marble,19.74,23.88,No,No,Yes,Roadways,No,Wealthy,No,09-07-2015,09-10-2015,"South Ashley, IN 73174",-265.63
fffe3800350034003500,William Harrington,0.36,30,8,246282,Stone,98.89,26.66,Yes,No,No,Airways,No,Working Class,No,06-11-2018,06-10-2018,"New John, IL 48017",-2255.45
fffe3300320030003800,Jeremiah Sickles,0.44,10,4,,Stone,12.37,29.65,No,No,Yes,Roadways,No,Working Class,,03/17/19,03/21/19,"Lake Jon, IL 20809",-324.51
fffe3300340037003000,Lois Ashbrook,0.33,16,,3563,Bronze,8.48,14.78,No,No,No,,No,Working Class,No,08-05-2017,08-02-2017,DPO AP 41063,-240.42
fffe3900310037003600,Juan Mcconkey,0.96,28,19,62334,Brass,820.24,77.12,Yes,No,No,Roadways,No,Working Class,No,05/27/19,05/25/19,"Wattsside, NJ 22274",-162573.71
fffe3500300032003300,Stephen Fichter,0.52,32,12,1764910,Stone,5471.93,56.5,No,No,Yes,,No,Working Class,No,10/13/16,10/16/16,"Mitchellside, TX 90077",-37268.16
fffe3200330030003600,Timothy Braunstein,0.14,5,4,1298,Marble,3.82,16.58,No,No,Yes,Roadways,No,Working Class,No,07/13/18,07/17/18,"Lake Zachary, VA 16319",-172.61
fffe3700380038003100,Michael Dunnigan,0.22,22,13,2277,Clay,7.12,20.36,No,No,Yes,Waterways,Yes,Working Class,No,05/16/15,05-12-2015,"Ericstad, NE 64812",-251.3
fffe370038003000,Mary Bostwick,0.35,14,6,2851,Bronze,3.61,20.96,No,Yes,No,,No,Wealthy,No,02/25/18,03-01-2018,"Lake Elizabeth, PA 16349",-236.11
fffe3500360035003100,Pamela Reynolds,0.18,15,,161,Wood,3.89,22.57,No,Yes,No,,No,Working Class,Yes,10/25/17,10/25/17,"West Leebury, VA 77768",-158.81
fffe3100360038003100,Alice Guerriero,,18,10,144581,Marble,116.27,60.74,No,Yes,Yes,,No,Working Class,No,01-03-2019,12/30/18,"East Molly, IN 66522",-842.57
fffe3400380033003400,Mary Clemens,,30,7,,Aluminium,6.07,20.88,Yes,No,Yes,,No,Working Class,Yes,04-05-2017,04-05-2017,"Orozcochester, VA 89243",-560.19
fffe370036003900,Jennifer Spencer,0.22,15,8,151666,Stone,366.64,77.7,No,Yes,No,Airways,No,Wealthy,No,07/25/19,07/28/19,"Davidville, MN 93064",-1623.15
fffe3700320033003400,Mary White,0.32,9,5,834,Bronze,6.94,16.57,No,No,No,Roadways,No,Wealthy,No,05/28/15,05/28/15,"Richardport, VA 79956",-196.81
fffe3900370032003100,Edna Glover,0.16,22,16,484,Wood,6.28,20.63,Yes,No,No,Waterways,No,Working Class,Yes,04/29/16,05-03-2016,"Johnsonhaven, NH 11275",-150.22
fffe3800340037003300,Ruby Chitty,0.4,12,6,858,Bronze,4.99,12.26,No,No,Yes,Waterways,No,Working Class,No,10-01-2016,10-03-2016,"New David, MT 99114",-172.02
fffe3200380037003900,James Owens,,,20,12496971,,63110.87,57.72,Yes,No,No,Waterways,No,Working Class,No,09/13/18,09-12-2018,"West Billy, GA 59311",-360814.49
fffe370035003100,Neil Scott,0.35,36,17,2932282,,7160.97,96.82,No,No,No,Roadways,Yes,Wealthy,No,05-12-2017,05-12-2017,"West Kellyland, VA 53778",-46276.43
fffe3400370038003300,Neal Davenport,0.08,23,8,,Stone,904.76,98.92,Yes,No,No,,No,Working Class,No,06/13/15,06/16/15,FPO AE 34097,-1928.69
fffe3900390035003400,Richard Rivera,0.59,16,6,61911,Stone,193,80.23,Yes,No,No,Roadways,No,Working Class,No,04-08-2019,04-08-2019,"New Cindyborough, AZ 13641",-1506.1
fffe3500320031003300,Joseph Johnson,0.3,30,16,1057097,Marble,5106.21,38.64,No,Yes,Yes,Airways,No,Working Class,No,01/29/15,01/27/15,"Jasminetown, DC 09224",-33177.08
fffe3400370039003400,Jason Flores,,12,8,,,6.28,17.98,No,Yes,No,Airways,No,Wealthy,No,01-05-2015,01-05-2015,APO AP 97056,-153.54
fffe3100380030003300,Gene Buck,,22,8,1562,,5.77,10.42,Yes,No,Yes,Waterways,Yes,Working Class,No,10-10-2017,10-06-2017,"South Arthur, OR 90705",-177.08
fffe3900380032003300,Frank Walden,0.1,3,2,14,Bronze,4.22,10.44,Yes,No,Yes,Waterways,No,Working Class,No,03-10-2015,03-10-2015,"Lake Sarabury, ND 41290",-126.3
fffe3400390031003300,Scott Alexander,,19,8,203075,Stone,1187.96,86.05,No,Yes,No,Airways,No,Working Class,,09/25/17,09/25/17,"South Kylechester, DC 98621",-6881.44
fffe3500360038003300,Clark Park,0.7,,11,,Marble,990.74,49.58,No,No,No,,No,Working Class,No,04/20/16,04/22/16,"Lake Karenland, AR 42863",-55276.94
fffe3300390031003900,Roberta Lowery,0.86,18,11,1856,Clay,13.73,24.03,Yes,Yes,No,,Yes,Wealthy,No,05-06-2019,05-04-2019,"Amyport, NY 38774",-958.13
fffe3400380033003800,Rachel Upshur,0.16,23,8,,Aluminium,5.99,15.45,No,No,No,Roadways,No,Working Class,No,04/21/16,04/20/16,"Justinton, MI 71024",-134.46
fffe3300340032003300,Leonard Holbrook,0.23,8,4,195,Clay,5.89,14.45,Yes,No,No,Waterways,Yes,Working Class,No,05/28/16,05/27/16,DPO AA 65924,-146.21
fffe3600390036003100,Kimberly Martinez,0.05,7,4,4239,Stone,4.42,18.7,No,No,No,Airways,No,Working Class,No,03/25/17,03/25/17,"Port Joshua, KS 07252",-202.47
fffe3800320033003900,Frederick Mouton,0.19,23,7,5630,Bronze,7.36,34.62,No,No,Yes,Airways,No,Working Class,No,09/30/18,09/30/18,"New Ronaldshire, NM 78448",-299.16
fffe3200330031003000,Daniel Mutter,0.71,30,11,12261,Bronze,38.44,68.29,Yes,Yes,Yes,Airways,No,Wealthy,No,07/23/19,07/20/19,"Sotohaven, TN 35530",-2394.62
fffe3700370033003700,Rosanna Brown,0.74,15,6,1564,Brass,9.59,22.97,No,Yes,Yes,Airways,No,Working Class,Yes,04/16/15,04/17/15,"Meganfort, DE 19505",-1378.65
fffe3100360036003500,Harry Mims,0.99,12,7,433,Aluminium,5.35,17.66,No,Yes,Yes,Airways,No,Working Class,,02/22/18,02/24/18,"Port Kathleen, NM 88816",-615.75
fffe3200360037003500,Mary Trinidad,0.31,,10,25336,Brass,58.33,93.01,No,Yes,No,,No,Working Class,,01-04-2018,01-06-2018,"Codychester, MT 23623",-918.76
fffe3200380031003900,Shalon Johnson,0.34,26,12,17758,,44.98,83.89,Yes,No,No,Waterways,No,Working Class,Yes,07-04-2017,07-05-2017,"Brandontown, MA 94017",-788.82
fffe3100390036003500,Rose Dupree,0.18,15,7,180,Wood,3.75,24.08,No,No,No,Waterways,No,Working Class,No,02-12-2017,02-12-2017,"East Baileymouth, MS 99377",-152.62
fffe3600310038003900,Melissa Cabello,0.65,17,6,,,3.35,13.5,No,No,Yes,Roadways,No,Working Class,No,09-10-2017,09-08-2017,"Port Samanthafurt, TX 86663",-257.67
fffe340032003300,Georgia Weber,,20,11,335,Wood,4.89,19.87,No,No,No,Waterways,No,Working Class,No,04-07-2017,04-04-2017,"Adrienneview, AK 33522",-568.73
fffe3400300038003000,Delores Perkins,0.08,44,23,,,47.14,79.57,Yes,No,Yes,Airways,No,Working Class,No,04/22/18,04/24/18,"Jonesbury, MI 52466",-711.91
fffe3100360035003300,Helen Deering,,13,7,3167,,6.35,20.4,No,No,Yes,,No,Working Class,No,06-05-2017,06-03-2017,"Walkerport, CO 61149",-245.06
fffe3400330032003600,Thomas Devries,,23,7,241,,3.95,15.46,No,No,Yes,,No,Working Class,,04-04-2016,04-07-2016,"North Hannah, WY 54889",-195.77
fffe3900300039003200,Sandra Macdonald,0.29,15,8,653,Clay,5.73,19.16,No,No,No,Roadways,Yes,Working Class,No,05/29/18,05/30/18,"South Jeffrey, MO 88672",-179.03
fffe3600310035003600,Joyce White,0.73,35,16,53094,Bronze,133.16,83.63,No,No,No,,No,Working Class,No,06/29/19,07-02-2019,"New Jonathan, NV 15810",-2170.31
fffe3600360035003100,James Nguyen,0.12,15,6,1049,Brass,4.91,14.65,Yes,No,No,Waterways,No,Working Class,No,12/20/17,12/21/17,"North Anthonyton, IL 17957",-144.9
fffe3800320032003400,Sybil Nguyen,0.56,21,9,382,Wood,3.04,22.96,No,No,Yes,Roadways,No,Working Class,No,12/27/16,12/25/16,"New Robertfurt, CO 01414",-343.24
fffe3200320036003600,Brett Brooks,0.03,11,6,317,Aluminium,4.31,15.61,No,No,No,,No,Wealthy,No,08/23/15,08/23/15,"West Amandachester, LA 14612",-122.98
fffe3800380036003800,Mamie Rasmussen,0.4,18,10,9019,Brass,18.3,95.98,Yes,No,No,Waterways,No,Working Class,No,05/30/18,05/30/18,"Willisburgh, OH 16073",-786.55
fffe3900340039003500,Blair Hessler,0.38,22,8,13013,Brass,34.49,81.55,No,No,No,Roadways,No,Working Class,No,12/23/15,12/23/15,"Tylerburgh, MI 68412",-734.73
fffe3400320030003300,Patrick Moreno,0.1,14,6,29497,Stone,20.45,25.84,No,No,No,,No,Working Class,,07/19/19,07/22/19,"Craigborough, MI 61285",-252.4
fffe3300300036003700,Cheryl Romanik,0.73,24,13,18538,Bronze,21.29,46.09,Yes,Yes,Yes,Airways,No,Working Class,No,10/30/18,10/28/18,"Kristinville, UT 61565",-1732.64
fffe3200350037003600,Mary Curd,0.05,31,10,1172970,Stone,852.79,33.66,No,Yes,No,Roadways,No,Working Class,No,12/20/16,12/21/16,"Brownfurt, WY 35759",-4371.51
fffe370031003100,Robert Deboard,0.75,18,14,1996,Clay,13.05,17.95,No,Yes,No,Airways,Yes,Wealthy,No,08/15/17,08/19/17,"Hardinshire, CT 26394",-530.25
fffe3500360032003600,Ramon Tatum,0.68,6,5,142,Clay,6.46,19.95,No,No,No,Waterways,Yes,Working Class,No,03-06-2018,03-08-2018,"Curtisshire, SD 36514",-290.21
fffe370036003000,Loretta Denn,0.58,10,4,,Marble,5.79,23.31,Yes,No,No,Waterways,No,Working Class,No,04/17/18,04/15/18,"Hermanville, MT 67240",-349.21
fffe3900310034003800,James Pralle,0.66,8,5,731,Brass,5.22,21.93,Yes,No,Yes,Waterways,No,Working Class,No,03/18/17,03/22/17,"Bradleyside, MO 91841",-308.86
fffe3600350038003600,Margaret Shoji,0.08,44,17,4583363,Stone,6873.24,49.97,No,Yes,No,Roadways,No,Wealthy,No,08-05-2019,08-06-2019,"South Jamie, OH 03248",-29660.32
fffe3600340036003200,Mary Larson,0.59,15,6,4605,Brass,11.09,23.94,No,No,No,Roadways,No,Working Class,,07/26/19,07/24/19,"North Matthewside, VA 33157",-357.31
fffe3200370035003600,Neil Ramon,,4,4,56,Bronze,6.84,19.52,No,No,No,Roadways,No,Wealthy,No,02/28/19,02/25/19,"East Kayla, IN 26709",-166.08
fffe3700340033003700,Robert Mosier,0.67,10,5,1079,Brass,4.77,24.78,No,Yes,No,Airways,No,Working Class,Yes,01/27/19,01/31/19,"Michelleshire, DE 75058",-338.16
fffe3200370037003500,Marybeth Ober,0.53,24,12,1194,Aluminium,6.9,24.08,Yes,No,No,Waterways,No,Wealthy,,07-10-2016,07-06-2016,"Kennedyfort, VA 37163",-451.44
fffe3900350036003600,Laurie Dayton,0.5,42,18,101014,Brass,597.35,70.97,No,Yes,Yes,Roadways,No,Wealthy,No,08/15/18,08/16/18,"Williamschester, DE 64520",-6266.58
fffe3200390037003000,Sherri Kirkpatrick,0.52,,20,3941101,Marble,11331.66,25.01,Yes,Yes,Yes,,Yes,Working Class,No,06-06-2016,06-07-2016,"Davidbury, UT 77497",-144567.29
fffe3400390037003600,Jeremy Bourgeois,,29,13,3055,Aluminium,5.7,22.77,No,No,No,,No,Wealthy,No,09/20/16,09/24/16,"North Martha, AZ 27656",-336.42
fffe340039003200,Christina Vossen,0.62,24,11,1270,Aluminium,8.19,11.67,No,No,No,Airways,No,Working Class,No,01/30/16,01/28/16,"Ronaldton, UT 19739",-452.77
fffe3200310034003600,Winford Lane,0.92,15,6,1585,,12.96,13.8,Yes,No,No,,No,Wealthy,No,01/18/16,01/17/16,"Lake Hannahland, SD 94102",-419.29
fffe3600330034003600,Peggy Gunn,0.07,4,3,86,Bronze,6.74,14.52,Yes,No,Yes,Waterways,No,Working Class,,11-02-2017,11-06-2017,"North Matthew, CA 67771",-130.11
fffe3400310038003500,Pamela Sloan,0.75,26,,2088,Clay,4.02,20.7,No,No,No,Roadways,Yes,Working Class,,07-02-2017,07-02-2017,"Port Dianeside, ME 12146",-524.64
fffe3600310036003400,Desiree Mclaren,0.36,15,7,438,Aluminium,5.52,14.46,No,Yes,Yes,,No,Working Class,No,08-07-2016,08-09-2016,"Allenland, DE 23304",-182.11
fffe3700340030003400,Nicole Martin,0.1,47,6,286454,Stone,610.39,84.54,No,Yes,Yes,Airways,No,Working Class,No,05-03-2016,04/30/16,"Philipport, NC 78527",-2589.41
fffe3500310039003900,Elliott Brown,0.08,5,4,117,,3.67,22.67,Yes,No,Yes,,No,Working Class,No,09/15/16,09/16/16,"East Ryan, PA 65183",-170.99
fffe330038003600,Charlotte Muller,0.01,12,7,146,,6.65,21.85,Yes,No,Yes,,No,Working Class,No,02-01-2015,02-02-2015,"New Nathan, NC 95324",-136
fffe3600300039003900,Raymond Contreras,,20,,41000,Marble,32.67,39.23,Yes,Yes,Yes,,No,Working Class,No,07/14/16,07-10-2016,"New Jared, ME 22688",-488.31
fffe39003500,Chad Boyd,0.77,44,9,,Aluminium,17.7,21.5,No,No,No,,No,Working Class,No,06/24/16,06/28/16,APO AA 70482,-577.34
fffe3700380034003300,Albert Martinez,0.4,19,10,14551,Brass,19.49,95.69,Yes,No,Yes,Waterways,No,Working Class,No,08-09-2017,08-11-2017,"Larsonside, AL 38062",-834.86
fffe3900310032003700,Tess Davis,0.46,7,4,2106,Marble,4.45,12.19,No,No,Yes,Waterways,No,Working Class,No,04-03-2017,04-01-2017,"Lake Ambermouth, GA 05075",-229.54
fffe3100370030003900,Kristen Stone,0.23,10,5,,Marble,8.96,51.03,Yes,No,No,,No,Working Class,No,07-03-2018,07-05-2018,"Lake Tasha, ND 70939",-386.91
fffe3700300030003200,Crystal Baisley,0.46,38,17,37228,Bronze,120.2,58.48,No,Yes,No,Airways,No,Working Class,No,01-05-2018,01-08-2018,"Oscarborough, MT 43899",-1166.06
fffe3400390038003700,Jenna Munoz,0.55,28,13,764933,Marble,1091.27,38.01,No,Yes,No,Roadways,No,Working Class,,07/26/16,07/29/16,"East Margaretstad, TX 72388",-5502.32
fffe3900300033003100,Debbie Fleagle,0.02,15,8,923,Clay,6.72,13.12,No,No,No,Roadways,Yes,Wealthy,No,10/27/17,10/29/17,"North Annfort, AL 43743",-124.04
fffe340030003000,Guy Wilkie,,27,13,,Aluminium,10.71,17.49,No,No,No,,No,Working Class,Yes,06/19/18,06/17/18,"Katiebury, NM 93659",-872.08
fffe3500360036003000,Kevin Bond,0.9,9,4,137,Clay,4.2,15.73,No,No,Yes,Roadways,Yes,Working Class,Yes,09/30/18,09/30/18,APO AE 10868,-346.45
fffe3100360033003800,Karla Clark,,33,23,1467936,Marble,1332.33,45.19,No,Yes,No,,No,Wealthy,Yes,06-05-2018,06-01-2018,"North Josephview, MO 41892",-10414.91
fffe3900320036003300,Heather Cygan,0.67,8,4,630,Brass,3.84,11.21,Yes,No,No,Waterways,No,Working Class,No,01-04-2017,01-01-2017,"Hallville, ND 17074",-203.24
fffe3700380034003700,Robyn Eshom,0.31,28,12,432381,Stone,573.32,97.67,No,Yes,Yes,Roadways,No,Working Class,No,04-06-2019,04-02-2019,"Port Andreaview, LA 19676",-4356.41
fffe3500320038003900,Albert Arriola,0.14,16,8,6441,Brass,12.71,42.22,Yes,No,No,,No,Working Class,No,11-08-2018,11-06-2018,"North Alexandria, AL 21209",-290.97
fffe320034003700,Racheal Bolenbaugh,,45,13,526,Wood,4.57,24.8,Yes,No,No,Waterways,No,Working Class,No,08/23/16,08/23/16,"South Kyle, TN 62971",-553.43
fffe3400380038003200,John Hicks,0.04,13,7,,Bronze,6.28,24.08,No,No,Yes,,No,Wealthy,No,02-12-2015,02/13/15,"Powelltown, CA 62790",-191.38
fffe3500360030003000,Pablo Asakura,0.5,19,7,,,117.9,59.3,No,Yes,No,,No,Working Class,No,11/14/15,11/16/15,"North Michael, TX 06674",-987.24
fffe3800340032003700,Sean Bitner,0.46,21,8,733,Aluminium,5.91,15.37,No,No,Yes,Roadways,No,Working Class,No,06-01-2018,06-05-2018,"Jodiland, TX 24708",-208.69
fffe3200370033003600,James Richmond,0.99,5,5,1260,Marble,11.29,14.5,Yes,No,Yes,,No,Wealthy,Yes,08/17/15,08/20/15,"West Christopherside, SD 49203",-367.18
fffe3100380039003800,Toney Perez,0.13,29,9,18323,Brass,14.34,65.75,No,No,No,Roadways,No,Working Class,Yes,11-11-2017,11-11-2017,"Ericberg, LA 66568",-432.13
fffe3300340037003100,Charles Ferreira,0.86,11,8,25776,Marble,237.58,50.17,No,No,No,,No,Working Class,No,01/28/16,01/29/16,"Brittanyport, SC 52603",-1506.7
fffe390039003500,Sharon Mayes,0.11,51,26,8108,Aluminium,33.89,64.26,No,No,Yes,,No,Working Class,No,08-02-2019,07/29/19,"Solomonstad, AK 85260",-538.58
fffe3400320037003100,Vicki Duncan,0.66,10,4,266,Clay,3.77,14.95,Yes,No,No,Waterways,Yes,Working Class,No,05/23/18,05/22/18,"New Michaelstad, ME 54288",-218.64
fffe3700380030003100,Albert Drew,0.29,20,7,488,Aluminium,3.48,10.96,No,No,Yes,Roadways,No,Working Class,No,07/18/17,07/17/17,"Whitehaven, ME 88018",-145.99
fffe3700350032003500,Edward Goodwin,0.2,26,11,719752,Stone,1395.1,92,No,No,No,Roadways,No,Working Class,No,11/29/16,11/27/16,"South Jessicaport, MO 14517",-3187.39
fffe3600370038003200,Tammy Lafave,0.5,33,15,2546,Aluminium,9.19,21.24,No,Yes,Yes,Airways,No,Working Class,No,12-01-2018,11/27/18,"Whiteheadfurt, ID 79134",-721.14
fffe3900380036003900,Norma Renteria,0.05,36,15,22082,Brass,33.04,77.37,No,Yes,No,Roadways,No,Working Class,No,05-02-2018,05-03-2018,"Port Anthony, IL 59360",-417.57
fffe3500320031003700,Kathleen Brown,,11,6,446,Bronze,3.13,22.89,No,No,Yes,,No,Working Class,Yes,11-10-2017,11-06-2017,"Sarahberg, MA 72477",-362
fffe3700380030003200,Cheryl Walker,0.1,34,6,105883,Marble,86.91,29,No,No,No,Waterways,No,Working Class,No,03-10-2018,03-11-2018,"Anthonyland, NC 91661",-381.65
fffe3500310030003400,Lucy Bridges,0.61,,5,4022,Stone,28.44,12.45,Yes,Yes,No,Airways,No,Working Class,No,01-07-2019,01-06-2019,"Hallland, MO 97138",-374.95
fffe3700310032003400,Valentin Williams,0.77,14,7,700,Clay,4.7,15.52,No,No,No,Waterways,Yes,Working Class,Yes,02-04-2019,02-06-2019,"Hillstad, MT 83116",-315.2
fffe3100300030003700,Sean Aldrete,0.5,24,12,12897,,40.35,29.29,No,Yes,No,Roadways,No,Working Class,,08-03-2015,08-05-2015,"North Amytown, UT 78424",-624.08
fffe3500330031003100,James Sylvia,0.84,3,3,134,,5.25,17.43,No,No,No,Roadways,No,Working Class,No,10-03-2018,10-01-2018,"North Manuelland, TX 16649",-316.55
fffe3600300038003500,Thomas Stringer,,27,9,1443,,5.99,21.71,No,No,Yes,Waterways,No,Working Class,Yes,07/13/19,07-11-2019,"Edwardborough, MO 66214",-248.18
fffe3700360035003400,Opal Perry,0.36,19,7,9069,Brass,13.44,87.61,Yes,No,No,Roadways,No,Working Class,No,06/25/16,06/26/16,"Alexanderside, WI 26629",-753.04
fffe3400320037003800,Olive Frederick,,,5,1362,Brass,3.54,11.19,No,Yes,No,,No,Wealthy,No,08-09-2019,08-11-2019,"East Alexandria, WI 24131",-349.52
fffe310030003800,Kelli Cole,0.75,30,10,4802,Clay,6.04,16.04,Yes,No,No,,Yes,Wealthy,No,01-10-2015,01/13/15,"Patriciaside, OR 23617",-593.68
fffe3600310039003500,Marion Fetterhoff,0.62,30,9,12378,Brass,38.88,59.51,No,No,Yes,,No,Working Class,No,12/15/16,12/16/16,"Wilsonbury, MA 83836",-1105.75
fffe3500380032003600,Anne Julius,0.94,17,6,671,Clay,3.51,11.5,No,Yes,No,Roadways,Yes,Working Class,,01-03-2017,01-06-2017,"Thompsonstad, NV 32680",-377.68
fffe3700350034003400,Mildred Gray,0.33,15,8,2715,Bronze,11.51,16.57,Yes,No,No,Airways,No,Wealthy,No,04/17/17,04/17/17,"South Douglas, UT 17153",-236.37
fffe3500320033003300,Dale Furrer,,25,,,,2936.29,83.93,No,No,No,,No,Working Class,,12-09-2017,12-12-2017,"West John, WY 75868",-6236.31
fffe3900380033003000,Jane Verduzco,0.27,7,5,8694,Stone,18.57,52.09,No,No,No,Roadways,No,Wealthy,Yes,07/17/18,07/19/18,"Dawsonville, ME 06050",-425.09
fffe3400380034003700,Monica Floyd,0.49,38,19,3772884,Marble,23393.26,79.11,No,Yes,Yes,Roadways,Yes,Working Class,,06/16/17,06/16/17,DPO AA 13020,-97897.33
fffe3100320036003300,Silas Beatty,0.4,19,10,,Clay,3.04,22.96,No,Yes,No,,Yes,Working Class,Yes,10/19/16,10/23/16,"Port Tyrone, MN 45618",-296.76
fffe3200380037003500,Marion Fowler,0.72,43,,,Bronze,567.65,71.37,Yes,Yes,No,Airways,No,Working Class,,09/22/17,09/22/17,"Dodsonton, KS 63506",-10555.62
fffe3300320034003700,John Moody,,26,15,1975988,Stone,1489.74,34.24,Yes,No,No,Waterways,No,Working Class,No,03/30/15,03/27/15,"Amyland, MO 57147",-5405.7
fffe3700300035003800,Cecil Perez,0.53,14,8,1234,Clay,3.43,23.63,Yes,Yes,No,Airways,Yes,Working Class,No,12-09-2015,12-09-2015,"Harmonberg, CA 53927",-355.58
fffe340039003000,Laronda Kim,,39,,3684,Aluminium,16.84,23.32,No,No,No,Roadways,No,Working Class,No,07/27/15,07/27/15,APO AE 09872,-266.74
fffe3700320035003400,Raymond Martin,0.63,5,4,26,Wood,6.48,13.47,No,Yes,Yes,Roadways,No,Working Class,Yes,09-05-2017,09-01-2017,"Port Brandon, MA 92129",-269.14
fffe3300300034003700,Marlon Patel,0.02,7,4,34,Wood,3.34,15.53,No,No,Yes,Roadways,No,Working Class,Yes,06/16/15,06/16/15,"West Mary, RI 44305",-112.51
fffe3800310036003400,Winston Devine,0.38,14,8,3432,Bronze,15.57,23.56,Yes,No,No,Waterways,No,Working Class,No,04/29/18,05-03-2018,"East Angela, KS 00914",-223.58
fffe3800350034003200,Natalie Oconnell,0.28,27,8,8880,Brass,32.83,56.29,No,Yes,Yes,Roadways,No,Working Class,No,06/22/19,06/23/19,"Port Emily, LA 98596",-540.11
fffe3100360035003900,David Pierce,0.73,42,23,17895571,Stone,12640.32,29.68,No,Yes,Yes,,No,Wealthy,Yes,08/14/17,08-10-2017,"Harrisonmouth, WI 27925",-880172.65
fffe3500390037003800,Donald Jones,0.42,19,7,514,,6.81,12.37,Yes,No,Yes,Airways,No,Working Class,No,08/18/17,08/17/17,"Georgeshire, NM 55590",-231
fffe3900330039003400,Delbert Brown,0.26,45,15,1393,Wood,3.21,21.2,No,Yes,Yes,Roadways,No,Wealthy,No,01/18/17,01/17/17,DPO AE 17292,-276.44
fffe3300360031003200,Latrice Guevarra,0.23,,6,147030,,429.17,73.37,Yes,Yes,Yes,Airways,No,Working Class,No,09/16/15,09/14/15,"New Deborah, WV 36652",-2241.22
fffe3900320034003000,Nicholas Morgan,0.95,33,16,3392859,Stone,23198.8,52,Yes,No,No,Waterways,No,Working Class,Yes,08/17/15,08/13/15,"Montoyaton, IL 25251",-95657.56
fffe3800360035003200,Robin Pruitt,0.19,25,16,3136649,Stone,1702.78,82.19,No,Yes,Yes,Roadways,No,Wealthy,No,11/20/17,11/22/17,"Susanland, MI 33351",-13392.75
fffe3600360039003300,Kendall Bird,0.14,22,7,1085,Clay,6,21.37,Yes,Yes,No,Airways,Yes,Wealthy,No,04/21/18,04/18/18,"East Karen, OH 48892",-245.97
fffe3100330035003400,Heidi Lee,,9,5,751,Bronze,4.25,23.43,No,No,No,,No,Wealthy,No,02/21/15,02/24/15,"Christianfurt, KS 96594",-157.68
fffe3700380037003600,Kathryn Pearce,0.49,13,6,7270,Marble,19.17,79.65,No,No,No,Waterways,No,Working Class,No,09/26/15,09/25/15,"Melendeztown, NC 39493",-705.56
fffe3800390030003200,James Thornton,0.81,29,8,209,Wood,6.11,17.47,Yes,No,No,Waterways,No,Working Class,No,10-11-2015,10-07-2015,"Michaelchester, MS 85786",-668.38
fffe3800330030003100,Jeff Smith,0.61,11,6,161,Aluminium,4.74,18.45,Yes,Yes,No,Airways,No,Wealthy,Yes,03-04-2016,02/29/16,"West Crystalmouth, VT 01202",-350.6
fffe3600310036003900,Velma Snyder,0.64,32,7,16948,,53.63,59.21,No,No,No,Roadways,No,Working Class,No,10/31/16,10/30/16,"Montgomeryborough, SC 39773",-1465.74
fffe3200360037003600,Linda Alvarez,0.91,8,5,9517,Stone,89.96,48.22,Yes,Yes,No,,No,Wealthy,Yes,09/23/15,09/19/15,"Ericville, VA 94156",-16243.62
fffe3800330031003800,Lucille Griffin,0.29,5,5,2382,Marble,5.54,18.18,No,No,No,Roadways,No,Working Class,Yes,08-05-2019,08-07-2019,"Buckmouth, WI 35439",-208.82
fffe3100380034003100,Jeniffer Williams,0.86,28,9,129123,,847.64,75.52,No,No,No,Roadways,No,Working Class,,04/20/17,04/20/17,APO AP 49899,-76215.24
fffe3600320039003400,George Harter,0.82,9,4,,,9.01,38.85,Yes,Yes,No,,No,Wealthy,No,06/25/17,06/25/17,"Pamelaton, IL 54446",-2270.87
fffe3300370031003700,Matthew Yetter,0.08,32,17,838,,4.25,12.55,Yes,No,No,Waterways,No,Working Class,No,07/16/17,07/17/17,"New Jacobville, FL 81181",-103.86
fffe3500370033003800,Kyle Madeira,0.7,19,,1929,,6.65,22.23,No,No,No,,No,Working Class,No,08-12-2016,08-09-2016,"New Toddburgh, NV 16595",-495.62
fffe3300350035003800,Israel Smith,0.39,33,,1651,,6.88,22.32,No,No,No,Airways,No,Working Class,No,03/16/17,03/20/17,"West Marcus, MD 81545",-238.38
fffe3900380036003400,Maria Miles,0.48,11,6,387,Clay,5.84,22.26,Yes,No,No,Waterways,Yes,Wealthy,No,03/18/18,03/19/18,"North Crystalmouth, AZ 71222",-272.7
fffe3200390038003100,Cleo Valle,0.25,52,13,99331,,258.61,86.5,No,Yes,No,Roadways,No,Working Class,No,05/29/17,05/26/17,"Donaldbury, FL 69933",-1364.89
fffe3900350034003500,Dwayne Luthi,0.57,21,9,4288,Bronze,20.26,20.55,No,Yes,Yes,Airways,No,Wealthy,Yes,12/22/17,12/24/17,DPO AE 67621,-539.21
fffe3900380035003100,Rory Mallen,0.13,36,23,981,Wood,6.62,21.91,No,No,No,Roadways,No,Working Class,No,10-07-2015,10-10-2015,"Grossview, NE 28657",-142.02
fffe3700320039003400,Denver Brunkhorst,0.2,21,12,27227,Brass,19.98,71.68,No,No,No,Waterways,No,Working Class,No,11-10-2018,11-12-2018,"West Ravenland, TN 75041",-427.8
fffe3600300033003200,Douglas Dillard,0.74,17,6,1023,Clay,3.69,20.91,No,No,No,Waterways,Yes,Working Class,No,12/16/17,12/19/17,"Emilyland, DE 59713",-342.77
fffe3100350039003500,Anthony Flanagan,0.12,37,19,17431,Clay,75,77.43,No,Yes,No,,Yes,Working Class,No,01-10-2019,01/13/19,"Melindaton, IL 80050",-638.57
fffe3100330031003300,James Chesson,0.88,8,4,,,6.02,23.79,No,No,Yes,Roadways,No,Working Class,No,07/23/18,07/23/18,DPO AP 21809,-535.14
fffe3600340034003800,Wayne Fancher,,9,4,4222,,20.26,13,No,No,No,Roadways,No,Working Class,,01/13/17,01/17/17,"New Patriciaton, CO 69789",-319.95
fffe3500310031003400,Philip Jaimes,0.89,10,4,43,,6.37,17.59,No,No,Yes,,No,Wealthy,No,10-11-2015,10/15/15,"New Catherine, OR 57832",-498.95
fffe3600360037003600,Emily Simpson,0.51,9,5,327,Clay,3.28,16.96,Yes,No,No,Waterways,Yes,Working Class,Yes,06/14/16,06/18/16,"Paultown, MI 24392",-186.92
fffe3600310039003900,Dominic Barnett,0.73,22,10,464792,,2765.63,84.21,Yes,Yes,No,Airways,No,Wealthy,No,03/18/19,03/21/19,"Kristieberg, NV 32387",-14759.23
fffe3700340030003700,Sharon Miller,0.57,31,16,63990,Brass,219.6,44.1,Yes,No,Yes,Waterways,No,Working Class,No,06-11-2018,06-07-2018,"North Brandonport, ME 52386",-1562.12
fffe3700360039003100,Lesley Crate,0.14,16,6,101,Wood,6.32,17.64,Yes,No,Yes,Airways,No,Working Class,No,05/20/15,05/20/15,"Port Joelside, IL 39220",-154.09
fffe3200390038003200,Hubert Grant,,10,5,1163,Brass,5.72,23.68,No,Yes,Yes,,No,Working Class,,02-09-2015,02-12-2015,"Lynnchester, MD 86686",-409.15
fffe3400340037003800,Vernon Castaneda,0.81,4,3,,Brass,4.43,17.42,No,Yes,No,,No,Working Class,No,07-04-2016,07-07-2016,DPO AE 69480,-220.28
fffe3300360034003800,John Faye,0.29,12,8,2264,Bronze,5.08,16.51,Yes,No,No,Waterways,No,Working Class,,07/30/19,07/28/19,"North Susan, PA 96238",-190.7
fffe3900300036003900,Juanita Priester,0.19,36,9,691453,Marble,1308.83,93.62,Yes,No,Yes,Waterways,Yes,Working Class,No,11/13/16,11/15/16,"Amyborough, DC 35571",-2341.42
fffe370032003100,Melvin Miller,0.82,,13,2935,Aluminium,10.4,16.43,No,No,No,,No,Working Class,No,10/27/16,10/27/16,"Rhondaborough, SC 91830",-589.58
fffe3100350036003500,Michael Connors,0.38,34,21,13800,Clay,27.66,63.16,No,No,No,Roadways,Yes,Working Class,No,09/25/18,09/28/18,"Mcdonaldmouth, OR 00996",-733.34
fffe3300380038003700,Carrie Du,0.32,19,14,206436,Marble,745.54,30.88,No,No,No,Roadways,No,Working Class,No,05/21/15,05/19/15,"North Laurenshire, WA 31870",-3804.23
fffe3200370035003100,Joseph Desrosiers,,18,10,185994,Stone,446.02,56.7,Yes,No,Yes,,No,Working Class,No,04/21/18,04/19/18,"Port Jimmy, WA 90582",-3656.01
fffe330033003200,George Cox,0.27,24,9,992,Aluminium,3.94,11.98,Yes,No,Yes,Waterways,No,Working Class,,06/15/16,06-11-2016,"Markmouth, MT 87596",-171.98
fffe3300340031003200,Theresa White,,32,16,,Clay,21.21,38.07,No,No,No,,Yes,Wealthy,No,05/26/18,05/28/18,"Nicholasstad, NE 55672",-643.39
fffe390039003700,Eileen Eades,0.42,,7,889,Clay,4.71,10.68,No,No,No,Roadways,Yes,Working Class,No,05-03-2019,05-03-2019,"Williamsburgh, IN 50638",-156.15
fffe3600350033003700,Barney Carter,0.74,13,6,2304,Bronze,10.05,20.22,No,Yes,Yes,Roadways,No,Working Class,No,02-01-2017,02-02-2017,"Danielleview, HI 03448",-415.93
fffe3700310033003000,Douglas Zaleski,0.7,24,8,1373,Aluminium,5.41,11.5,No,No,Yes,Roadways,No,Working Class,No,09-12-2015,09-10-2015,"Crystalstad, KY 50247",-364.96
fffe3900390033003000,Joseph Madden,0.49,14,6,59415,Stone,88.13,68.97,Yes,No,No,Airways,No,Working Class,Yes,04/22/15,04/22/15,"South Natalie, NV 89651",-2349.11
fffe3500350039003200,Terry Napoli,0.55,30,15,1195439,Marble,2611.64,27.57,Yes,No,Yes,Waterways,No,Working Class,No,09-05-2017,09-05-2017,"Reneetown, OK 67164",-6854.04
fffe3500360038003400,Christina Lowry,,30,23,43271,Bronze,37.57,26.55,Yes,Yes,No,Airways,No,Wealthy,Yes,11-09-2018,11-06-2018,"West Jessica, GA 31248",-647.02
fffe3200350032003400,Albert Diaz,0.19,12,6,15091,Marble,10.94,43.43,Yes,No,Yes,,No,Working Class,Yes,05-11-2019,05-11-2019,"Terryberg, AK 91688",-368.34
fffe3300330038003600,Joanne Henderson,0.35,14,8,18983,Marble,81.02,27.81,No,No,No,,No,Working Class,No,08/15/15,08-12-2015,"New Jillside, CT 30339",-846.85
fffe3600300038003300,Myrta Gonzales,0.5,15,6,,Wood,3.86,24.32,No,No,Yes,,No,Working Class,No,07/28/17,07/26/17,"Johntown, NH 58621",-271.58
fffe310030003100,Gabrielle Marcus,0.81,33,12,2138,Aluminium,3.65,13.14,No,No,No,Roadways,No,Wealthy,No,02-10-2015,02-06-2015,"Jimenezborough, WA 49466",-528.19
fffe3800360031003400,Tina Stokes,0.54,26,12,14026,Bronze,56.14,93.29,Yes,No,No,Waterways,No,Working Class,No,10/21/16,10/18/16,"Sheliaport, SD 19485",-1567.14
fffe3400320039003300,Leroy Wilda,0.35,40,9,24806,Bronze,99.99,44.9,No,Yes,No,Roadways,No,Working Class,No,01-11-2015,01-10-2015,"Lake Jonathanhaven, KS 47399",-1384.96
fffe3400330036003200,Amanda Jackson,0.37,12,6,38916,Stone,70.44,33.78,Yes,No,No,,No,Working Class,No,12-07-2018,12-06-2018,"Tommyshire, KY 88864",-788.8
fffe3400360033003900,Joseph Woody,0.52,15,8,5556,Brass,12.68,44.02,Yes,Yes,Yes,Airways,No,Wealthy,No,08/17/16,08/16/16,"East Dylantown, VA 98232",-737.66
fffe3400390039003600,Lori Welty,0.55,17,,293,Aluminium,5.59,23.25,Yes,No,No,,No,Working Class,No,09/15/16,09-11-2016,"East Eric, WI 35047",-357.17
fffe3400360034003500,Janette Davis,0.38,29,19,51086,Brass,235.36,37.23,Yes,No,No,Waterways,No,Wealthy,No,11/19/16,11/19/16,"Port Edward, TX 37710",-929.52
fffe3900330036003600,Marie Gooding,0.12,15,7,2051,Bronze,3.74,20.05,Yes,Yes,Yes,Airways,No,Wealthy,Yes,07-12-2018,07-11-2018,"Richardfort, WA 94428",-246.73
