Artist Reputation,Height,Width,Weight,Material,Price Of Sculpture,Base Shipping Price,International,Express Shipment,Installation Included,Transport,Fragile,Customer Information,Remote Location,Cost
0.19,35,21,89371,Brass,194.63,39.7,Yes,No,No,Airways,No,Working Class,No,938.77
0.7,25,6,139475,Stone,159.1,30.76,No,No,No,Roadways,No,Working Class,No,1164.3
0.47,32,7,287,Wood,4.18,13.75,No,No,Yes,Roadways,No,Working Class,No,239.24
0.27,37,17,1927,Aluminium,6.84,12.19,Yes,No,No,Waterways,No,Wealthy,Yes,200.94
0.62,30,11,445451,Stone,698.29,46.63,No,No,Yes,Waterways,No,Working Class,No,9342.88
0.59,9,4,186,Clay,3.96,15.8,Yes,Yes,No,Airways,Yes,Working Class,No,223.48
0.62,20,10,7129,Bronze,33.86,29.49,Yes,Yes,Yes,Airways,No,Wealthy,Yes,932.17
0.63,22,10,169157,Stone,1163.93,27.85,Yes,Yes,No,Airways,No,Wealthy,No,5773.85
0.89,40,14,919,Wood,3.02,19.53,No,No,No,Roadways,No,Working Class,No,848.55
0.58,6,4,42,Wood,6.66,15.34,No,No,Yes,Roadways,No,Working Class,No,201.72
0.99,37,6,9934,Bronze,27.79,55.51,No,No,No,Roadways,No,Working Class,No,2836.93
0.07,13,8,131,Aluminium,6.8,14.94,Yes,No,Yes,Roadways,No,Wealthy,No,176.75
0.12,19,7,109618,Marble,83.45,46.89,No,No,No,Roadways,No,Working Class,No,-566.43
0.77,6,5,62,Wood,4.41,24.17,No,No,No,Roadways,No,Working Class,No,308.02
0.07,3,2,50,Stone,4.46,24.61,No,Yes,Yes,Airways,No,Working Class,No,196.16
0.49,25,6,193583,Stone,536.91,85.9,Yes,No,No,Waterways,No,Working Class,No,3839.83
0.01,7,5,452,Bronze,3.86,21.71,Yes,No,No,Waterways,No,Wealthy,Yes,164.36
0.39,29,10,10719,Bronze,29.7,34.21,No,Yes,No,Roadways,No,Wealthy,No,500.46
0.38,12,8,36829,Marble,222.23,71.63,No,No,Yes,Roadways,No,Wealthy,Yes,1148.83
0.27,7,5,494,Bronze,4.41,24.37,Yes,Yes,Yes,Airways,No,Wealthy,Yes,267.52
0.22,6,4,100,Clay,4.29,10.65,No,No,No,Airways,Yes,Working Class,No,115.22
0.48,26,8,104,Wood,4.26,11.81,No,Yes,No,Roadways,No,Working Class,No,179
0.29,4,4,94,Clay,6.43,14.32,No,No,No,Roadways,Yes,Working Class,Yes,164.72
0.21,13,8,169,Wood,6.1,11.77,No,Yes,No,Airways,No,Working Class,No,134.14
0.28,18,7,243,Wood,3.92,15.13,No,No,No,Roadways,No,Working Class,No,123
0.32,36,7,27021,Brass,102.06,68.35,No,No,No,Roadways,No,Working Class,No,-781.41
0.14,17,10,225707,Stone,522.66,48.07,Yes,No,Yes,Airways,No,Working Class,Yes,2048.09
0.55,41,18,6991183,Stone,49534.18,74.92,No,No,No,Airways,No,Working Class,No,208819.81
0.3,16,7,3187,Bronze,7.89,18.6,No,No,Yes,Waterways,No,Working Class,No,231.4
0.13,16,7,3723,Brass,11.97,18.72,No,No,No,Roadways,No,Working Class,No,158.45
0.6,27,13,29541,Bronze,124.96,74.15,Yes,No,Yes,Airways,No,Working Class,No,1856.51
0.85,6,5,4905,Stone,24.86,19.3,Yes,Yes,No,Airways,No,Wealthy,No,539.01
0.37,24,10,1231,Aluminium,3.36,16.7,No,No,Yes,Roadways,No,Working Class,Yes,220.62
0.05,41,17,3071,Aluminium,6.1,11.62,Yes,No,No,Waterways,No,Working Class,No,105.23
0.19,4,3,450,Marble,5.26,24.34,No,No,No,Roadways,No,Working Class,No,232.42
0.4,18,9,322,Wood,5.31,15.7,No,Yes,Yes,Roadways,No,Working Class,No,-216.4
0.42,23,20,3073571,Stone,15226.48,78.66,Yes,No,No,Waterways,No,Working Class,No,18549.17
0.41,26,9,331,Wood,6.5,20.26,Yes,Yes,Yes,Airways,No,Wealthy,No,311.44
0.17,23,11,1832,Aluminium,3.39,10.19,No,No,No,Airways,No,Wealthy,No,121.06
0.75,40,24,7739,Clay,41.7,79.48,No,No,No,Roadways,Yes,Working Class,No,2628.02
0.15,38,14,6031,Clay,3.63,61.27,No,Yes,No,Roadways,Yes,Working Class,No,455.77
0.26,4,3,14,Aluminium,6.59,17.56,No,Yes,No,Airways,No,Wealthy,Yes,-157.16
0.55,12,7,369,Aluminium,5.67,24.82,No,No,No,Waterways,No,Working Class,No,313.62
0.58,8,5,209,Clay,5.56,12.43,No,No,No,Airways,Yes,Working Class,No,187.89
0.9,38,22,22025,Clay,205.8,54.95,No,Yes,No,Airways,Yes,Wealthy,Yes,-4975.88
0.78,26,6,78,Wood,5.29,11.41,No,No,Yes,Roadways,No,Wealthy,No,364.96
0.38,32,10,2493,Clay,5.56,12.45,Yes,No,Yes,Waterways,Yes,Working Class,No,245.71
0.18,4,4,56,Aluminium,6.98,23.85,No,Yes,No,Airways,No,Wealthy,Yes,169.85
0.54,20,7,126426,Stone,446.67,40.92,No,Yes,No,Airways,No,Wealthy,No,4148.48
0.08,14,6,10270,Marble,28.17,96.74,No,Yes,No,Airways,No,Wealthy,No,539.87
0.69,6,5,18,Wood,4.63,21.12,No,No,No,Waterways,No,Working Class,No,-216.47
0.4,26,15,643,Aluminium,5.84,21.77,No,No,No,Roadways,No,Working Class,Yes,276.23
0.08,18,7,3521,Bronze,5.46,10.3,No,No,No,Roadways,No,Working Class,No,127.88
0.02,37,15,874,Wood,6.77,18.31,Yes,No,No,Waterways,No,Working Class,No,112.04
1,17,13,7024,Bronze,78.37,27.18,No,No,No,Waterways,No,Working Class,Yes,7786.21
1,29,11,454331,Marble,2873.59,93.7,No,No,No,Waterways,No,Wealthy,No,12940.13
0.98,21,9,860,Aluminium,5.11,12.58,No,No,No,Roadways,No,Wealthy,No,621.5
0.75,5,4,64,Bronze,3.2,13.7,Yes,No,No,Airways,No,Wealthy,Yes,248.88
0.13,29,17,2159,Clay,3.55,15.98,No,No,No,Roadways,Yes,Wealthy,No,171.89
0.44,23,8,819,Aluminium,5.64,23.82,No,No,Yes,Roadways,No,Wealthy,No,-360.34
0.25,34,18,9354,Clay,21.89,78.08,No,Yes,Yes,Airways,Yes,Wealthy,Yes,957.66
0.65,12,6,20314,Stone,49.81,44.82,Yes,Yes,Yes,Airways,No,Working Class,Yes,1345.9
0.04,37,12,1546212,Marble,1538.25,31.59,No,No,No,Roadways,Yes,Wealthy,Yes,2745.18
0.07,20,6,4831,Brass,6.7,19.94,Yes,No,No,Waterways,No,Working Class,No,166.27
0.11,30,10,281,Wood,4.15,14.28,No,No,No,Roadways,No,Working Class,No,121.63
0.69,28,8,9488,Bronze,47.87,57.88,No,No,No,Airways,No,Working Class,No,1239.52
0.32,12,6,595,Clay,5.37,11.4,Yes,Yes,No,Airways,Yes,Working Class,No,182.56
0.4,12,6,97,Wood,3.4,19.01,Yes,Yes,No,Airways,No,Working Class,No,209.24
0.07,28,6,1810,Clay,3.42,16.18,No,Yes,Yes,Airways,Yes,Wealthy,No,211.42
0.5,45,9,3773,Clay,13.48,19.36,Yes,No,Yes,Airways,Yes,Working Class,Yes,531.05
0.73,15,6,947,Bronze,6.17,13.19,No,Yes,No,Roadways,No,Wealthy,No,426.76
0.36,3,3,58,Brass,4,11.28,No,Yes,No,Roadways,No,Wealthy,No,143.95
0.84,23,11,13823,Bronze,10.43,35.11,Yes,No,No,Waterways,No,Wealthy,Yes,1014.51
0.35,26,7,318,Wood,4.76,16.34,No,Yes,Yes,Airways,No,Wealthy,No,224.43
0.98,26,9,215,Wood,5.99,23.98,No,No,No,Waterways,No,Working Class,No,1043.41
0.27,11,7,46580,Stone,104.14,90.4,No,Yes,No,Airways,No,Wealthy,No,963.44
0.32,19,14,206436,Marble,745.54,30.88,No,No,No,Roadways,No,Working Class,No,-3804.23
0.06,12,7,2678,Brass,6.58,23.56,No,No,No,Roadways,No,Working Class,No,-164.67
0.38,14,6,139,Wood,4.03,16.52,No,No,No,Roadways,No,Working Class,Yes,-157.74
0.41,6,5,61,Aluminium,3.66,23.27,Yes,Yes,Yes,Airways,No,Wealthy,Yes,249.01
0.76,9,5,218,Clay,5.5,16.26,No,No,Yes,Airways,Yes,Working Class,Yes,352.64
0.11,20,10,6761,Brass,7.46,36.62,No,No,No,Roadways,No,Working Class,No,-264.88
0.97,14,7,472,Aluminium,6.47,13.95,No,No,Yes,Roadways,No,Working Class,No,731.95
0.2,11,6,12634,Marble,13.72,55.67,No,No,No,Roadways,No,Working Class,Yes,387.99
0.16,29,8,228818,Marble,694.44,72.78,Yes,No,No,Waterways,No,Wealthy,No,1858.72
0.38,20,16,19222,Brass,28.78,85.02,No,No,No,Roadways,No,Working Class,No,744.82
0.46,24,11,16355,Brass,11.21,65.43,Yes,No,No,Airways,No,Wealthy,No,915.63
0.47,35,8,1539,Aluminium,6.04,15.69,Yes,No,Yes,Waterways,No,Working Class,No,272.55
0.16,8,4,4081,Marble,12.69,12.65,No,No,Yes,Roadways,No,Working Class,Yes,188.12
0.47,30,19,32130,Bronze,25.45,73.38,No,No,Yes,Waterways,No,Working Class,No,1093.12
0.37,27,12,3623,Clay,10.51,10.68,No,No,Yes,Roadways,Yes,Working Class,No,219.47
0.94,17,6,217,Aluminium,4.98,24.17,Yes,No,Yes,Waterways,No,Working Class,No,737.69
0.35,6,4,37,Wood,4.35,11.5,No,No,No,Roadways,No,Working Class,No,104.35
0.37,29,10,18390,Bronze,58.97,31.69,Yes,Yes,No,Airways,No,Working Class,Yes,727.56
0.16,10,4,185,Aluminium,3.24,18.13,No,No,No,Waterways,No,Wealthy,No,145.72
0.12,22,10,23991,Brass,16.36,68.25,No,No,No,Roadways,No,Working Class,No,444.41
0.94,24,12,591,Wood,5.18,17.95,No,No,No,Roadways,No,Working Class,No,732.02
0.55,3,3,70,Brass,4.2,11.14,No,Yes,Yes,Airways,No,Wealthy,No,201.16
0.17,20,12,274778,Marble,584.95,86.54,No,No,No,Roadways,No,Working Class,Yes,1631.1
0.15,21,7,133898,Marble,393.73,81.24,Yes,Yes,No,Airways,No,Working Class,No,-1413.81
0.08,38,11,21454,Bronze,49.11,61.86,No,Yes,No,Airways,No,Wealthy,No,488.93
0.48,9,5,63,Wood,5.13,20.07,No,No,No,Roadways,No,Working Class,No,201.98
0.66,40,21,9757,Clay,73.63,94.06,No,No,No,Airways,Yes,Working Class,No,4262.43
0.51,29,9,846,Aluminium,4.39,11.62,No,No,No,Roadways,No,Working Class,No,-192.74
0.44,10,5,243,Aluminium,5.51,15.41,No,Yes,Yes,Airways,No,Working Class,No,207.92
0.77,24,10,197,Wood,5.21,13.16,No,No,Yes,Waterways,No,Working Class,No,405.16
0.77,10,5,541,Bronze,5.28,23.04,No,No,No,Roadways,No,Working Class,No,-420.24
0.57,22,6,688,Aluminium,6.46,17.94,No,No,No,Roadways,No,Working Class,No,302.1
0.3,10,5,588,Bronze,6.39,18.72,No,No,No,Roadways,No,Working Class,No,-189.76
0.94,34,9,31146,Brass,75.01,68.52,Yes,Yes,Yes,Airways,No,Wealthy,No,12692.3
0.16,14,8,451,Aluminium,5.1,13.99,No,No,No,Airways,No,Working Class,No,134.1
0.44,15,7,1637,Bronze,5.8,13.54,No,No,No,Roadways,No,Working Class,No,180.3
0.41,37,22,77061,Bronze,243.99,35.77,No,Yes,Yes,Airways,No,Wealthy,No,2338.3
0.71,41,10,1392423,Stone,8898.85,60.48,No,No,No,Roadways,No,Working Class,No,325318.9
0.4,25,8,2821,Clay,8.3,12.9,No,No,No,Roadways,Yes,Working Class,No,273.34
0.97,30,9,316,Wood,3.59,17.54,No,No,Yes,Roadways,No,Working Class,No,831.52
0.02,15,8,3173,Brass,8.61,16.39,Yes,Yes,No,Airways,No,Working Class,No,178.88
0.77,33,19,4180066,Stone,22331.5,73.49,No,Yes,No,Roadways,No,Wealthy,Yes,179964.04
0.65,41,10,508,Wood,6.27,14.81,No,No,Yes,Roadways,No,Working Class,No,426.78
0.25,18,11,66721,Marble,185.99,30.27,No,No,No,Roadways,No,Working Class,No,476.99
0.26,21,11,10714,Bronze,31.61,58.14,Yes,Yes,Yes,Airways,No,Wealthy,No,674.56
0.66,28,13,6262,Bronze,37.29,78,No,Yes,Yes,Airways,No,Wealthy,No,2058.45
0.23,40,30,10431,Aluminium,14.38,35.24,No,Yes,No,Airways,No,Wealthy,No,389.64
0.41,32,11,730,Wood,5.52,11.18,No,Yes,No,Roadways,No,Working Class,Yes,182.18
0.47,44,14,2158679,Marble,3836.83,61.53,No,No,Yes,Waterways,Yes,Wealthy,No,13418.01
0.15,27,11,11292,Bronze,22.52,26.71,No,No,Yes,Roadways,No,Working Class,No,306.55
0.76,29,13,17479,Bronze,50.28,28.4,No,No,No,Roadways,No,Working Class,No,1268.42
0.74,18,6,124,Wood,3.04,11.79,No,Yes,No,Airways,No,Wealthy,No,-280.96
0.76,37,14,2053,Aluminium,6.82,13.28,No,Yes,No,Roadways,No,Wealthy,No,692.93
0.44,34,18,2735,Aluminium,4.89,12.61,Yes,Yes,Yes,Airways,No,Wealthy,No,392.35
0.26,30,6,9675,Bronze,6.26,28.96,Yes,Yes,No,Airways,No,Wealthy,No,402.79
0.31,9,5,220,Bronze,6.91,17.84,Yes,Yes,No,Airways,No,Wealthy,No,236.93
0.3,4,4,20,Wood,5.19,22.58,No,No,Yes,Waterways,No,Working Class,No,166.04
0.3,5,5,100,Clay,5.95,18.31,Yes,Yes,No,Airways,Yes,Wealthy,Yes,198.52
0.67,14,6,849,Clay,5.34,13.54,No,No,No,Roadways,Yes,Working Class,No,-281.18
0.89,7,5,403,Bronze,5.54,16.9,No,Yes,No,Roadways,No,Working Class,No,-398.86
0.04,18,9,538,Aluminium,3.66,11.86,No,Yes,No,Airways,No,Working Class,No,111.11
0.46,15,8,5263,Brass,11.59,98.69,Yes,No,No,Airways,No,Working Class,No,884.29
0.74,37,12,222,Wood,3.72,16.16,No,No,No,Roadways,No,Working Class,No,408.94
0.5,26,7,818,Aluminium,4.25,13.25,No,No,No,Roadways,No,Wealthy,No,215.83
0.52,24,6,199913,Stone,778.91,96.93,No,No,No,Roadways,No,Working Class,No,8733.24
0.14,15,8,3911,Brass,14.12,18.68,No,Yes,No,Airways,No,Working Class,No,227.35
0.36,9,5,256,Clay,5.98,18.93,No,No,Yes,Airways,Yes,Working Class,No,189.28
0.08,8,4,466,Brass,5.03,15.93,Yes,No,Yes,Airways,No,Working Class,No,157.65
0.98,22,12,3990,Clay,6.99,10.96,Yes,No,No,Waterways,Yes,Working Class,No,798.85
0.64,4,3,31,Aluminium,5.03,12.89,No,No,No,Roadways,No,Working Class,No,-170.34
0.89,13,8,135,Wood,5.57,23.66,Yes,No,Yes,Roadways,No,Working Class,No,761.69
0.42,13,7,319,Aluminium,3.9,19.17,No,Yes,Yes,Roadways,No,Working Class,No,203.96
0.78,21,9,11595,Brass,27.56,91.57,No,No,Yes,Airways,No,Working Class,Yes,2309.11
0.37,29,15,23679,Bronze,9.34,96.52,No,No,Yes,Waterways,No,Working Class,No,954.13
0.4,3,2,11,Aluminium,6.7,12.93,No,Yes,Yes,Airways,No,Working Class,No,146.49
0.8,35,20,9890,Clay,52.99,48.77,No,Yes,No,Airways,Yes,Wealthy,Yes,3287.48
0.33,29,11,319,Wood,6.93,17.61,No,No,No,Roadways,No,Working Class,No,166.98
0.2,29,11,254,Wood,4.86,19.77,No,No,Yes,Roadways,No,Working Class,No,166.64
0.35,32,20,91529,Brass,456.3,99.59,Yes,No,Yes,Waterways,No,Working Class,No,-2166.06
0.75,27,12,923,Aluminium,9.48,10.88,No,No,Yes,Waterways,No,Working Class,No,1290.56
0.23,23,13,36456,Brass,20.03,26.8,No,No,Yes,Roadways,No,Working Class,No,514.59
0.31,15,7,45507,Marble,260.64,87.51,No,Yes,Yes,Roadways,No,Working Class,No,1139.03
0.88,34,15,1647,Aluminium,3.78,23.65,No,No,No,Roadways,No,Working Class,Yes,1075.65
0.05,18,8,201534,Stone,184.8,68.01,Yes,Yes,Yes,Airways,No,Wealthy,No,1545.75
0.94,23,9,904,Aluminium,5.07,17.85,Yes,No,No,Airways,No,Wealthy,No,849.23
0.8,3,2,22,Clay,5.07,19.25,No,Yes,No,Airways,Yes,Wealthy,No,258.04
0.23,15,7,40811,Marble,160.35,39.23,No,Yes,No,Roadways,No,Working Class,No,511.09
0.43,6,4,94,Aluminium,6.88,24.1,No,Yes,Yes,Roadways,No,Wealthy,Yes,257.61
0.81,6,5,1455,Marble,5.17,14.42,No,No,Yes,Roadways,No,Working Class,No,353.95
0.3,19,12,202903,Marble,512.35,79.91,No,No,Yes,Airways,No,Wealthy,No,3107.71
0.29,25,8,16244,Brass,72.05,66.69,No,No,Yes,Waterways,No,Wealthy,Yes,1031.42
0.16,27,10,558393,Marble,1836.13,47.08,Yes,No,Yes,Roadways,No,Wealthy,No,2916.31
0.38,5,4,959,Marble,5.18,20.28,No,No,No,Waterways,No,Working Class,No,237.29
0.71,23,13,480,Wood,4.23,17.53,No,No,No,Roadways,No,Working Class,No,344.64
0.13,31,17,7076,Clay,7.65,30.87,No,Yes,No,Airways,Yes,Wealthy,No,343.12
0.28,16,8,349,Clay,3.21,18.64,No,No,No,Airways,Yes,Working Class,No,160.73
0.63,25,8,1840,Clay,10.09,13.2,No,No,Yes,Roadways,Yes,Wealthy,No,369.21
0.34,37,10,2924,Clay,6.8,22.98,No,No,Yes,Waterways,Yes,Working Class,No,333.01
0.78,9,5,165,Aluminium,3.08,19.34,No,No,Yes,Roadways,No,Working Class,No,-277.15
0.36,39,20,1129,Wood,4.78,18.3,Yes,Yes,Yes,Airways,No,Working Class,No,319.36
0.11,36,6,108,Wood,6.12,14.49,Yes,No,No,Waterways,No,Working Class,No,119.03
0.61,28,9,17627,Brass,100.41,72.91,No,No,Yes,Roadways,No,Working Class,Yes,1394.77
0.14,22,8,820,Aluminium,6.92,23.62,Yes,No,Yes,Waterways,No,Working Class,No,179.94
0.82,6,5,7062,Stone,54.87,41.52,No,No,No,Roadways,No,Working Class,No,1408.48
0.72,12,6,1008,Bronze,4.61,17.74,No,Yes,No,Roadways,No,Working Class,Yes,386.83
0.47,11,6,1784,Bronze,5.62,18.12,Yes,No,No,Airways,No,Working Class,No,281.68
0.31,50,25,1899,Wood,5.78,17.8,Yes,No,Yes,Waterways,No,Working Class,No,260.69
0.72,25,17,408,Wood,5.07,21.13,No,Yes,No,Roadways,No,Wealthy,No,651.06
0.52,3,2,25,Clay,6.36,21.08,Yes,No,No,Roadways,Yes,Working Class,No,242.38
0.18,11,8,2065,Bronze,5.36,14.94,No,No,No,Airways,No,Working Class,No,-155.85
0.21,19,6,1190,Clay,5.94,21.57,Yes,No,Yes,Airways,Yes,Working Class,No,224
0.63,4,4,679,Stone,3.68,23.91,Yes,No,No,Waterways,No,Wealthy,No,298.07
0.45,38,18,7552271,Stone,8493.38,55.01,No,No,Yes,Waterways,No,Working Class,Yes,124534.47
0.54,26,12,4427,Clay,11.84,16.24,No,No,Yes,Roadways,Yes,Wealthy,No,390.31
0.19,11,8,450,Clay,6.93,23.66,No,Yes,Yes,Roadways,Yes,Wealthy,Yes,269.41
0.85,37,10,15654,Bronze,25.33,85.72,Yes,Yes,Yes,Airways,No,Working Class,No,3700.68
0.22,16,8,51706,Stone,268.77,62.17,Yes,No,No,Waterways,No,Working Class,No,778.21
0.13,57,37,2388,Wood,3.44,18.53,Yes,No,Yes,Waterways,No,Working Class,No,208.4
0.16,24,11,3525,Clay,8.35,17.76,No,No,No,Waterways,Yes,Working Class,Yes,168.86
0.33,25,8,12530,Brass,66.39,98.26,No,No,No,Roadways,No,Working Class,Yes,1025.01
0.15,6,5,2414,Marble,5.5,19.85,No,No,No,Roadways,No,Working Class,No,197.85
0.41,8,5,3342,Marble,6.03,12.77,No,Yes,No,Roadways,No,Working Class,No,246.04
0.15,35,24,828,Wood,5.82,11.1,Yes,No,No,Waterways,No,Working Class,No,101.96
0.29,42,18,14120,Clay,12.59,72.17,No,No,No,Roadways,Yes,Working Class,No,-655.89
0.22,16,8,3854,Bronze,4.13,19.7,Yes,No,No,Airways,No,Wealthy,No,232.86
0.42,46,27,7383,Aluminium,9.43,53.98,No,Yes,Yes,Airways,No,Wealthy,No,1010
0.33,12,7,2662,Brass,13.58,19.9,No,No,No,Roadways,No,Working Class,Yes,229.26
0.81,24,10,746952,Stone,2099.37,82.08,No,No,No,Waterways,No,Working Class,No,8948.54
0.64,29,22,94774,Brass,517.01,75.64,No,Yes,No,Airways,No,Wealthy,No,7884.16
0.31,16,7,6189,Brass,8.56,97.39,Yes,No,Yes,Waterways,No,Working Class,No,667.74
0.97,11,8,295,Aluminium,5.41,14.42,Yes,No,Yes,Waterways,No,Working Class,Yes,-634.08
0.92,42,10,4217,Clay,4.23,16.55,Yes,Yes,Yes,Airways,Yes,Wealthy,No,2104.6
0.93,17,8,92844,Marble,291.18,95.16,No,No,No,Roadways,No,Working Class,No,2910.66
0.26,17,6,4128,Brass,13.91,16.27,Yes,Yes,No,Airways,No,Working Class,No,-283.29
0.67,10,5,168,Aluminium,5.1,12.79,No,No,Yes,Roadways,No,Working Class,Yes,259.81
0.21,12,8,37380,Marble,46.55,80.59,No,Yes,No,Roadways,No,Working Class,No,586.62
0.4,17,6,132,Aluminium,6.39,12.63,No,No,No,Waterways,No,Working Class,No,165.52
0.63,16,7,1612,Bronze,3.33,15.36,No,No,No,Roadways,No,Working Class,No,241.06
0.32,9,5,844,Brass,4.17,16.01,Yes,No,Yes,Airways,No,Working Class,No,187.46
0.32,21,10,11032,Bronze,38.27,41.36,No,Yes,No,Airways,No,Wealthy,No,508.02
0.97,6,4,2369,Marble,3.97,24.58,Yes,No,No,Waterways,No,Working Class,No,408.29
0.48,9,4,133,Clay,5.01,21.34,Yes,No,No,Waterways,Yes,Working Class,No,229.53
0.36,38,6,20006,Brass,17.52,84.72,No,Yes,Yes,Roadways,No,Working Class,No,1003.47
0.48,24,7,528,Aluminium,5.91,13.89,No,No,No,Waterways,No,Working Class,No,192.31
0.46,9,5,9248,Marble,30.41,88.86,No,No,No,Roadways,No,Wealthy,No,763.35
0.57,53,27,16672,Clay,47.31,45.92,Yes,Yes,No,Airways,Yes,Working Class,No,2123.9
0.41,39,10,26410,Brass,17.2,77.14,No,No,No,Roadways,No,Working Class,No,811.22
0.92,19,9,3126,Brass,5.63,22.69,No,Yes,Yes,Roadways,No,Wealthy,No,974.59
0.24,39,12,2252759,Stone,2899.8,27.98,No,No,No,Airways,No,Working Class,No,7909.71
0.22,9,5,504,Bronze,4.16,16.58,No,No,No,Roadways,No,Working Class,No,152.45
0.41,14,8,476,Aluminium,3.33,11.53,No,No,Yes,Waterways,No,Working Class,No,171.03
0.6,5,4,151,Bronze,5.42,14.98,No,Yes,Yes,Roadways,No,Wealthy,No,261.23
0.56,40,10,1255942,Marble,3556.59,36.01,No,Yes,No,Airways,Yes,Working Class,No,32689.94
0.44,16,7,244,Aluminium,5.02,23.81,Yes,No,Yes,Waterways,No,Working Class,No,256.43
0.28,23,15,968,Aluminium,5.51,15.44,Yes,No,No,Roadways,No,Working Class,No,205.88
0.39,36,10,1596,Clay,3.72,17.09,No,No,No,Roadways,Yes,Working Class,No,253.87
0.12,39,20,3755,Aluminium,11.62,14.7,No,Yes,No,Airways,No,Working Class,No,178.08
0.41,31,15,6532,Clay,5.56,82.17,Yes,Yes,No,Airways,Yes,Working Class,No,1151.3
0.24,16,8,168,Aluminium,5.58,22.69,Yes,No,No,Waterways,No,Working Class,No,182.26
0.94,23,11,10751,Brass,32.18,38.54,Yes,No,No,Waterways,No,Working Class,Yes,1813.35
0.18,38,23,4641,Aluminium,6.07,14.75,No,Yes,No,Airways,No,Working Class,No,199.35
0.36,19,6,503,Aluminium,6.94,11.46,No,No,No,Roadways,No,Working Class,Yes,171.28
0.18,27,7,7711,Bronze,19.61,93.99,Yes,Yes,No,Airways,No,Working Class,No,593.04
0.71,7,4,3579,Stone,11.95,24.39,Yes,Yes,No,Airways,No,Working Class,No,454.62
0.75,19,11,625,Aluminium,5.9,21.47,No,No,No,Roadways,No,Working Class,No,447.84
0.07,20,10,13465,Brass,8.95,75.75,Yes,No,No,Roadways,No,Working Class,No,494.2
0.72,24,8,171,Wood,4.18,21.71,No,Yes,Yes,Airways,No,Working Class,No,508.46
0.43,29,7,1250,Aluminium,5.07,15.43,Yes,Yes,No,Airways,No,Working Class,No,266.21
0.94,32,14,352,Wood,5.68,11.48,No,No,Yes,Waterways,No,Working Class,No,740.84
0.25,12,7,3077,Brass,4.26,14.69,No,Yes,No,Airways,No,Working Class,No,198.24
0.41,43,32,53118478,Stone,135878.04,70.4,Yes,No,Yes,Waterways,No,Working Class,Yes,221014.39
0.6,34,25,4593,Aluminium,9.75,23.2,No,No,Yes,Roadways,No,Working Class,No,976.49
0.79,26,9,628661,Stone,870.19,30.23,No,Yes,Yes,Airways,No,Wealthy,No,168987.2
0.6,25,7,99108,Stone,465.95,31.69,No,No,Yes,Waterways,No,Working Class,Yes,3048.23
0.64,16,8,182,Wood,4.14,11.47,No,No,Yes,Roadways,No,Working Class,No,248.39
0.28,26,15,6420,Clay,18.25,35.42,Yes,No,Yes,Waterways,Yes,Working Class,No,361.23
0.09,7,4,145,Clay,4.12,16.83,No,No,No,Waterways,Yes,Working Class,No,114.74
0.19,16,7,42447,Stone,162.11,60.58,No,No,No,Airways,No,Wealthy,No,639.21
0.74,7,5,5827,Stone,14.94,69.49,No,No,Yes,Roadways,No,Working Class,No,727.57
0.79,34,21,7960494,Stone,21169.9,84,No,No,No,Roadways,No,Working Class,No,77453.17
0.8,35,10,822,Wood,6.84,24.37,Yes,No,No,Waterways,No,Working Class,Yes,992.49
0.32,5,5,287,Brass,3.62,20.65,No,Yes,Yes,Roadways,No,Wealthy,Yes,212.88
0.22,32,24,14616806,Stone,54192.73,44.21,Yes,No,Yes,Waterways,No,Working Class,No,163991.29
0.43,39,11,3016,Aluminium,10.75,23.53,Yes,No,Yes,Waterways,No,Wealthy,Yes,411.23
0.15,20,11,218,Wood,3.5,17.3,Yes,No,Yes,Airways,No,Working Class,No,147.71
0.46,33,11,8437,Bronze,14.07,58.69,No,Yes,Yes,Roadways,No,Working Class,No,848.53
0.57,15,7,26777,Marble,114.11,27.87,Yes,Yes,Yes,Airways,No,Wealthy,No,1012.61
0.74,33,7,658333,Stone,852.52,30.75,No,No,No,Roadways,No,Working Class,Yes,43855.88
0.18,10,5,4984,Marble,12.18,20.29,No,No,Yes,Roadways,No,Working Class,No,208.51
0.7,35,13,31375,Brass,49.15,73.47,No,Yes,No,Roadways,No,Wealthy,No,2349.52
0.21,43,17,9719857,Stone,18631.39,53.01,No,No,Yes,Roadways,No,Working Class,Yes,40870.92
0.66,35,6,276,Wood,4.26,20.42,No,Yes,Yes,Roadways,No,Wealthy,No,503.88
0.26,13,8,71725,Stone,158.91,51.46,No,No,No,Waterways,No,Working Class,Yes,549.49
0.84,10,4,9592,Stone,53.06,31.12,Yes,No,No,Airways,No,Wealthy,Yes,1733.1
0.82,28,15,376,Wood,6.88,10.86,No,Yes,Yes,Roadways,No,Working Class,No,660.06
0.26,37,6,22017,Brass,57.13,69.38,No,Yes,No,Airways,No,Wealthy,No,849.53
0.38,30,16,2490,Aluminium,5.6,15.92,Yes,No,No,Waterways,No,Working Class,No,228.8
0.72,13,6,237,Aluminium,4.75,24.48,No,No,No,Roadways,No,Working Class,No,330.21
0.11,24,8,283,Wood,5.49,21.75,No,Yes,No,Airways,No,Wealthy,No,174.4
0.02,9,5,1213,Brass,6.36,24.67,Yes,No,Yes,Airways,No,Working Class,Yes,196.03
0.42,32,8,13314,Brass,34.48,31.64,No,Yes,No,Airways,No,Wealthy,No,684.96
0.02,32,13,878471,Marble,1216.06,37.04,No,No,Yes,Waterways,No,Working Class,No,1568.56
0.89,18,6,211,Wood,3.4,11.04,Yes,No,Yes,Waterways,No,Working Class,No,347.9
0.54,5,5,3801,Stone,16.01,14.68,Yes,No,Yes,Roadways,No,Working Class,No,315.96
0.43,9,4,36,Aluminium,5.35,15.82,No,No,Yes,Roadways,No,Working Class,No,193.79
0.39,10,4,1322,Brass,4.18,13.05,No,Yes,Yes,Roadways,No,Wealthy,Yes,239.55
0.87,28,11,1415173,Stone,12222.32,64.55,No,No,Yes,Waterways,No,Working Class,Yes,23656.62
0.89,7,4,458,Brass,3.71,15.63,Yes,No,No,Roadways,No,Working Class,Yes,362.5
0.49,13,6,7270,Marble,19.17,79.65,No,No,No,Waterways,No,Working Class,No,-705.56
0.57,22,15,5352,Bronze,35.67,76.16,Yes,No,Yes,Waterways,No,Working Class,No,1236.47
0.44,12,8,25008,Marble,107.14,37.44,No,No,Yes,Roadways,No,Wealthy,No,648.21
0.65,27,15,17635,Bronze,51.64,52.61,No,Yes,Yes,Roadways,No,Wealthy,No,2023.93
0.05,31,10,1172970,Stone,852.79,33.66,No,Yes,No,Roadways,No,Working Class,No,-4371.51
0.68,12,6,785,Clay,6.11,13.57,No,Yes,Yes,Airways,Yes,Wealthy,No,479.27
0.87,19,8,2559,Brass,16.9,15.37,No,Yes,No,Roadways,No,Wealthy,No,572.48
0.57,14,7,1622,Brass,5.24,16.81,No,No,No,Roadways,No,Working Class,Yes,310.63
0.23,11,7,1305,Bronze,4.39,20.6,No,Yes,No,Roadways,No,Wealthy,Yes,210.2
0.69,31,12,637276,Marble,1356.72,35.05,Yes,No,Yes,Waterways,No,Working Class,No,3276.78
0.45,28,14,254408,Marble,553.68,76.08,No,No,No,Waterways,No,Working Class,No,3049.1
0.72,22,7,98104,Marble,221.18,82.11,No,No,No,Roadways,No,Wealthy,No,2362.95
0.9,16,6,2176,Bronze,4.29,20,Yes,No,No,Waterways,No,Working Class,Yes,506.45
0.28,18,10,735,Aluminium,3.62,20.09,No,No,Yes,Waterways,No,Working Class,No,193.66
0.71,25,6,1553,Clay,5.37,11.11,No,No,No,Airways,Yes,Working Class,No,318.24
0.17,25,7,1229,Aluminium,5.66,18.81,Yes,No,No,Waterways,No,Wealthy,No,151.28
0.24,38,26,1333,Wood,6.21,22.11,No,Yes,Yes,Roadways,No,Working Class,No,282.69
0.6,24,9,10770,Bronze,42.41,64.59,Yes,Yes,No,Airways,No,Wealthy,Yes,1419.39
0.02,25,9,9411,Bronze,11.67,89.34,No,No,No,Airways,No,Working Class,No,377.09
0.62,38,17,116226,Brass,59.84,95.37,Yes,No,Yes,Waterways,No,Working Class,Yes,2755.29
0.57,25,6,2862,Bronze,8.18,14.29,No,No,No,Roadways,No,Working Class,No,388.61
0.78,28,10,346636,Marble,1288.51,87.1,No,Yes,Yes,Airways,No,Working Class,No,6176.07
0.76,22,6,876,Aluminium,5.52,13.77,Yes,No,Yes,Waterways,No,Working Class,No,430.49
0.57,29,9,745770,Stone,3403.92,30.87,Yes,Yes,Yes,Airways,No,Working Class,No,-39680.72
0.09,20,11,2109,Clay,5.47,23.88,No,No,No,Roadways,Yes,Working Class,No,178.56
0.92,49,23,8239094,Marble,57319.17,58.42,No,No,No,Roadways,Yes,Working Class,No,1158582.95
0.09,25,8,173137,Marble,455.3,39.51,Yes,No,Yes,Waterways,No,Working Class,No,983.52
0.72,19,6,910,Clay,5.37,11.77,No,No,No,Roadways,Yes,Working Class,No,291.23
0.25,21,6,220,Wood,4.11,21.05,No,No,No,Roadways,No,Working Class,No,151.01
0.42,42,9,2202536,Stone,8910.21,96.97,Yes,No,No,Waterways,No,Working Class,No,-84990.55
0.19,40,16,100032,Brass,127.31,88.48,No,No,No,Airways,No,Working Class,Yes,1250.05
0.37,18,7,46000,Stone,225.69,33.53,Yes,Yes,Yes,Airways,No,Working Class,Yes,1348.68
0.76,17,6,333,Aluminium,3.52,12.8,No,No,No,Roadways,No,Working Class,No,236.46
0.35,26,12,2115,Aluminium,8.99,14.41,No,Yes,No,Roadways,No,Wealthy,No,287.13
0.57,21,9,4288,Bronze,20.26,20.55,No,Yes,Yes,Airways,No,Wealthy,Yes,-539.21
0,6,4,4219,Stone,6.35,11.89,No,Yes,No,Airways,No,Working Class,No,-184.03
0.29,9,5,755,Bronze,5.79,16.16,No,No,Yes,Roadways,No,Wealthy,No,204.35
0.37,25,15,1492,Aluminium,6.66,23.99,Yes,No,No,Airways,No,Working Class,No,310.45
0.77,10,5,1026,Brass,3.99,14.01,Yes,Yes,Yes,Airways,No,Wealthy,No,416.01
0.64,9,4,390,Bronze,6.71,23.98,Yes,No,Yes,Waterways,No,Working Class,No,413.08
0.24,4,4,234,Brass,4.49,12.6,No,Yes,Yes,Roadways,No,Working Class,No,172.37
0.4,19,7,3812,Bronze,24.14,23.96,No,No,No,Airways,No,Working Class,No,284.59
0.02,32,9,554754,Marble,551.1,38.65,No,No,No,Waterways,No,Wealthy,No,969.47
0.95,10,4,105,Clay,4.48,12.45,No,No,No,Airways,Yes,Working Class,No,272.77
0.27,29,6,2193,Clay,7.01,21.92,No,No,No,Roadways,Yes,Working Class,No,210.36
0.51,44,15,28896,Bronze,113.83,38.39,Yes,No,Yes,Airways,No,Wealthy,No,1257.46
0,16,7,1306,Clay,4.85,21.51,No,No,No,Waterways,Yes,Working Class,No,149.54
0.53,40,25,2288,Wood,5.84,11.46,Yes,Yes,No,Airways,No,Wealthy,No,-422.41
0.48,22,12,12621,Bronze,8.28,37.96,Yes,No,Yes,Waterways,No,Working Class,No,585.09
0.93,25,12,440,Wood,4.08,19.43,No,Yes,Yes,Airways,No,Working Class,No,840.88
0.1,19,6,57229,Stone,134.07,37.14,No,Yes,No,Roadways,No,Wealthy,Yes,677.08
0.86,11,7,408,Aluminium,6.59,14.64,No,Yes,Yes,Roadways,No,Working Class,No,533.55
0.48,12,8,3781,Brass,15.13,21.04,Yes,No,Yes,Waterways,No,Working Class,No,331.1
0.97,34,16,511,Wood,6.03,24.94,Yes,Yes,No,Airways,No,Working Class,No,1577.2
0.57,40,23,21377,Clay,12.53,57.82,Yes,No,Yes,Waterways,Yes,Working Class,No,1457.87
0.5,8,4,99,Clay,3.67,23.08,Yes,No,No,Waterways,Yes,Working Class,No,228.17
0.97,23,6,96126,Marble,573.69,46.42,Yes,No,No,Airways,No,Working Class,No,16966.63
0.64,12,8,41568,Marble,126.14,63.39,No,No,Yes,Roadways,No,Working Class,No,980
0.34,28,11,20433,Brass,22.75,80.01,No,No,Yes,Roadways,No,Wealthy,No,909.75
0.55,22,7,224105,Stone,251.45,63.64,Yes,No,No,Airways,No,Working Class,No,2457.9
0.79,31,26,5000,Aluminium,7.59,62.61,No,Yes,No,Airways,No,Wealthy,No,2527.91
0.73,9,5,100,Wood,3.7,24.26,No,No,Yes,Waterways,No,Working Class,Yes,323.8
0.54,20,12,306918,Marble,182.39,71.24,Yes,No,No,Waterways,No,Working Class,No,1185.56
0.41,15,7,81,Wood,3.91,13.4,No,Yes,Yes,Airways,No,Wealthy,No,198.88
0.36,7,4,327,Bronze,5.49,22.23,No,Yes,No,Roadways,No,Working Class,No,204.34
0.31,12,6,218,Aluminium,6.21,20.69,No,No,No,Roadways,No,Wealthy,Yes,209.6
0.96,12,7,30870,Marble,308.33,44.56,No,No,Yes,Waterways,No,Working Class,Yes,3408.5
0.81,17,7,4892,Bronze,17.7,15.6,No,No,Yes,Roadways,No,Working Class,Yes,456.02
0.64,13,7,212,Aluminium,5.52,16.94,No,No,Yes,Roadways,No,Working Class,No,315.16
0.37,7,5,64,Wood,5.96,12.3,Yes,No,Yes,Airways,No,Working Class,No,138.23
0.64,26,11,830,Aluminium,3.78,20.32,No,Yes,No,Roadways,No,Wealthy,No,452.74
0.56,23,15,774,Wood,6.89,22.78,Yes,No,Yes,Roadways,No,Working Class,Yes,537.46
0.57,34,11,12986,Brass,29.53,78.81,No,No,No,Airways,No,Working Class,Yes,1495.94
0.23,24,11,522326,Stone,2148.94,65.46,Yes,Yes,Yes,Airways,No,Wealthy,No,9498.64
0.37,9,4,117,Aluminium,6.3,24.71,Yes,Yes,No,Airways,No,Wealthy,Yes,256.71
0.74,31,16,61330,Brass,186.69,53.06,No,No,Yes,Roadways,No,Working Class,Yes,2036.2
0.29,23,15,1380348,Stone,2824.05,85.4,No,Yes,Yes,Roadways,No,Working Class,No,9270.45
0.7,22,6,68036,Marble,300.04,37.92,Yes,No,No,Waterways,No,Working Class,Yes,1940.47
0.28,21,9,210898,Stone,467.8,38.86,Yes,No,No,Roadways,No,Working Class,No,1636.62
0.49,29,8,7991,Bronze,18.89,54.2,No,Yes,No,Airways,No,Working Class,Yes,753.74
0.65,22,6,8737,Brass,22.05,68.33,No,Yes,Yes,Airways,No,Working Class,No,1271.89
0.7,14,6,3168,Brass,15,19.57,Yes,No,No,Waterways,No,Working Class,No,340.48
0.55,38,13,3381,Clay,21.6,20.02,Yes,No,No,Waterways,Yes,Working Class,No,423.31
0.46,41,23,80601,Bronze,394.53,54.26,Yes,Yes,No,Airways,No,Working Class,No,2443.58
0.42,19,6,2689,Brass,11.58,14.4,No,No,Yes,Roadways,No,Working Class,No,258.47
0.56,20,8,53954,Marble,162.93,99.06,No,Yes,No,Airways,No,Working Class,No,-1358.73
0.29,37,15,3513025,Stone,14165.14,71.59,No,No,No,Roadways,No,Working Class,No,20762.63
0.77,23,9,754,Aluminium,5.42,18.52,No,No,No,Roadways,No,Working Class,No,443.72
0.6,9,4,146,Clay,6.58,12.79,No,No,Yes,Airways,Yes,Working Class,No,276.04
0.99,30,8,13701,Bronze,54.74,39.44,No,No,No,Airways,No,Working Class,No,3075.81
0.01,19,10,9196,Brass,23.83,93.67,No,Yes,Yes,Airways,No,Working Class,No,488.81
0.82,12,6,372,Aluminium,5.77,24.75,Yes,No,Yes,Waterways,No,Working Class,No,483.07
0.54,39,9,2229,Aluminium,9.51,17.55,Yes,No,No,Roadways,No,Working Class,No,571.88
0.36,4,3,387,Marble,6.25,18.06,Yes,No,No,Waterways,No,Working Class,No,214.89
0.85,22,10,7610,Brass,10.87,81.8,No,Yes,No,Roadways,No,Working Class,No,2077.13
0.64,12,8,285,Aluminium,3.62,21.02,No,No,No,Roadways,No,Working Class,No,-248.57
0.06,22,13,1374,Clay,4.22,18.29,No,Yes,Yes,Airways,Yes,Working Class,No,171.24
0.54,11,7,252,Clay,5.69,13.52,No,No,Yes,Roadways,Yes,Working Class,Yes,219.35
0.12,6,4,95,Aluminium,4.36,11.21,No,Yes,No,Airways,No,Working Class,No,113.42
0.68,4,4,33,Aluminium,5.32,14.91,No,Yes,Yes,Airways,No,Wealthy,Yes,281.26
0.75,34,17,778,Wood,6.73,22.48,No,No,No,Roadways,No,Working Class,Yes,723.91
0.17,17,8,1803,Clay,7.48,23.43,Yes,No,No,Waterways,Yes,Working Class,No,200.39
0.03,29,8,304174,Marble,501.96,38.37,Yes,Yes,Yes,Airways,No,Wealthy,No,2089.76
0.87,55,11,884,Wood,4.72,21.98,No,No,No,Roadways,No,Working Class,No,1022.26
0.29,15,8,653,Clay,5.73,19.16,No,No,No,Roadways,Yes,Working Class,No,-179.03
0.64,38,20,11196264,Stone,16819.89,75.61,No,No,Yes,Roadways,No,Working Class,No,-54076.65
0.02,33,6,207038,Marble,115.75,76.55,No,No,No,Roadways,No,Wealthy,No,658.75
0.24,3,2,10,Brass,6.11,15.7,No,No,Yes,Waterways,No,Wealthy,No,156.04
0.2,17,13,1795,Clay,6.22,22.07,Yes,Yes,No,Airways,Yes,Working Class,Yes,284.97
0.58,9,4,625,Bronze,6.64,15.25,Yes,No,Yes,Airways,No,Working Class,No,312.22
0.24,31,6,343220,Stone,766.81,99.56,No,No,Yes,Airways,No,Working Class,Yes,4323.19
0.48,10,4,396,Bronze,6.78,14.43,No,Yes,Yes,Airways,No,Wealthy,No,257.52
0.13,28,12,377884,Marble,1205.08,64.92,No,No,No,Roadways,No,Working Class,No,1815.59
0.52,17,7,163,Wood,4.83,13.07,No,Yes,Yes,Airways,No,Wealthy,Yes,242.1
0.66,9,5,184,Aluminium,6.9,10.48,No,No,No,Roadways,No,Working Class,No,-244.61
0.87,11,6,1425,Brass,3.11,10.54,Yes,No,Yes,Roadways,No,Working Class,No,337.28
0.74,33,9,489,Wood,4.91,12.37,No,No,Yes,Waterways,No,Wealthy,No,393.13
0.33,30,13,44019,Brass,42.28,92.57,Yes,No,No,Waterways,No,Working Class,No,874.27
0.58,13,6,2933,Brass,6.02,13.8,Yes,No,No,Roadways,No,Wealthy,No,-351.12
0.69,29,11,5805,Clay,26.15,99.25,No,Yes,No,Roadways,Yes,Working Class,No,1839.55
0.82,3,3,314,Marble,3.55,24.2,No,No,Yes,Roadways,No,Working Class,No,289.52
0.94,22,11,156069,Marble,318.99,49.63,No,Yes,No,Airways,No,Wealthy,No,4964.25
0.25,10,4,58,Wood,3.46,10.41,No,Yes,No,Airways,No,Wealthy,No,105.03
0.25,10,4,4900,Marble,25.83,18.35,Yes,Yes,Yes,Airways,No,Wealthy,No,-358.92
0.79,17,7,228,Wood,3.82,19.65,Yes,No,No,Airways,No,Working Class,No,373.07
0.05,9,4,1105,Brass,5.62,13.14,No,No,No,Roadways,No,Working Class,No,129.26
0.32,13,6,142,Wood,6.25,18.37,Yes,No,No,Waterways,No,Working Class,No,190.69
0.27,8,5,187,Aluminium,4.83,21.14,Yes,No,Yes,Waterways,No,Working Class,No,168.22
0.86,18,8,134,Wood,5.1,11.81,No,No,Yes,Waterways,No,Working Class,Yes,404.96
0.45,36,18,750,Wood,4.58,15.72,No,No,No,Roadways,No,Working Class,No,217.68
0.08,40,18,147330,Brass,195.17,94.21,Yes,No,Yes,Waterways,No,Working Class,No,771.61
0.77,17,7,188571,Stone,179.72,65.8,No,No,Yes,Airways,No,Working Class,No,2933.64
0.84,43,16,3968,Aluminium,6.28,24.5,Yes,No,Yes,Waterways,No,Working Class,Yes,1430.86
0.82,25,8,7384,Bronze,21.68,95.46,No,Yes,No,Airways,No,Working Class,Yes,-2670.39
0.13,38,7,14328,Brass,10.98,41.93,No,Yes,Yes,Airways,No,Wealthy,No,428.16
0.93,19,6,117141,Stone,1123.45,61.58,Yes,No,No,Waterways,No,Working Class,No,3806.62
0.1,14,8,3632,Bronze,13.43,14.87,Yes,No,No,Airways,No,Working Class,Yes,175.91
0.85,5,5,86,Bronze,5.73,20.56,Yes,No,No,Waterways,No,Working Class,No,322.99
0.12,11,7,2041,Bronze,3.28,24.3,Yes,Yes,Yes,Airways,No,Wealthy,No,264.78
0.34,51,21,9117294,Marble,5579.21,46.57,No,Yes,Yes,Airways,Yes,Wealthy,No,154844.15
0.24,5,3,411,Marble,5.98,22.14,Yes,Yes,No,Airways,No,Wealthy,Yes,255.29
0.17,16,7,798,Clay,4.04,11.34,No,No,No,Waterways,Yes,Working Class,Yes,122.23
0.56,34,11,1894,Aluminium,4.23,11.09,No,No,Yes,Roadways,No,Working Class,No,302.42
0.51,4,4,720,Stone,5.22,21.57,No,No,Yes,Waterways,No,Working Class,Yes,270.71
0.01,33,29,186396,Brass,216.47,63.86,No,No,No,Roadways,No,Working Class,No,768.68
0.59,13,6,58,Wood,3.79,12.17,Yes,No,Yes,Roadways,No,Working Class,Yes,218.74
0.32,32,18,2293017,Marble,1673.06,69.59,No,Yes,No,Airways,No,Wealthy,Yes,11175.08
0.25,11,7,1197,Bronze,3.66,18.64,Yes,No,Yes,Waterways,No,Working Class,Yes,214.78
0.55,8,5,65,Wood,6.6,14.63,No,Yes,Yes,Airways,No,Working Class,No,202.39
0.4,17,10,308,Wood,3.82,19.11,No,Yes,Yes,Roadways,No,Wealthy,No,259.41
0.39,12,6,3592,Brass,19.14,21.06,Yes,No,Yes,Airways,No,Working Class,No,302.73
0.74,20,7,5480,Brass,38.68,76.74,No,Yes,No,Roadways,No,Working Class,Yes,1358.62
0.05,39,13,32953,Bronze,91.54,27.95,No,Yes,Yes,Airways,No,Working Class,No,512.69
0.8,33,14,33309,Brass,116.52,32.73,No,Yes,No,Roadways,No,Wealthy,No,1966.86
0.56,18,6,123572,Stone,572.82,73.95,No,Yes,Yes,Airways,No,Working Class,No,5657.25
0.69,21,7,181531,Stone,982.37,90.11,No,No,No,Airways,No,Working Class,No,55761.88
0.25,10,5,1124,Bronze,6.6,18.77,No,No,No,Roadways,No,Working Class,No,176.1
0.19,36,11,2263,Aluminium,3.5,21.71,No,No,No,Roadways,No,Wealthy,No,188.67
0.73,9,4,434,Brass,6.02,18.29,No,Yes,No,Roadways,No,Wealthy,No,453.28
0.22,14,7,171,Wood,4.34,19.01,No,Yes,No,Roadways,No,Wealthy,No,163.87
0.79,10,4,2989,Stone,5.84,16.47,No,No,Yes,Waterways,No,Working Class,No,413.38
0.92,12,8,86,Wood,5.44,23.41,No,No,No,Roadways,No,Wealthy,No,625.62
0.75,7,4,1985,Marble,12.59,14.01,No,No,No,Roadways,No,Working Class,No,268.94
0.39,37,28,5081960,Marble,34431.89,79.22,No,No,No,Airways,Yes,Wealthy,No,88578.53
0.3,50,24,4321,Aluminium,17.44,18,Yes,No,Yes,Waterways,No,Wealthy,No,278.4
0.89,15,7,33146,Marble,315.54,48.05,No,No,Yes,Roadways,No,Working Class,No,2849.01
0.12,33,12,676,Wood,3.48,18.76,No,No,Yes,Roadways,No,Working Class,No,163.21
0.96,15,7,83378,Stone,604.07,73.61,Yes,Yes,No,Airways,No,Working Class,No,36066.24
0.35,18,7,96206,Stone,164.53,94.31,No,No,No,Roadways,No,Working Class,No,973.87
0.77,36,17,375,Wood,3.03,13.96,No,Yes,No,Roadways,No,Wealthy,No,487.43
0.23,38,17,1071,Wood,3.87,24.83,No,No,No,Roadways,No,Working Class,No,191.98
0.38,9,5,950,Brass,3.45,11.61,No,No,Yes,Roadways,No,Working Class,No,171.6
0.46,15,6,52207,Stone,86.39,91.51,No,No,No,Roadways,No,Working Class,No,1671.6
0.09,32,12,1484797,Stone,2800.1,86.08,No,Yes,Yes,Roadways,No,Wealthy,No,8192.17
0.44,23,7,179,Wood,4.37,24.29,No,Yes,No,Airways,No,Working Class,No,258.27
0.2,26,11,719752,Stone,1395.1,92,No,No,No,Roadways,No,Working Class,No,-3187.39
0.08,37,22,13122717,Stone,14181.68,93.75,Yes,No,No,Waterways,No,Working Class,Yes,15719.44
0.54,5,3,570,Marble,6.7,12.57,No,No,Yes,Roadways,No,Working Class,Yes,266.63
0.98,41,20,79138,Bronze,832.43,73.49,No,Yes,No,Roadways,No,Working Class,No,173825.1
0.28,4,4,40,Clay,5.27,22.62,No,No,No,Roadways,Yes,Working Class,Yes,176.66
0.19,34,6,872,Aluminium,5.41,21.09,No,No,No,Roadways,No,Wealthy,No,160.98
0.07,19,8,222862,Stone,92.82,32.01,Yes,No,No,Airways,No,Wealthy,No,968.1
0.3,14,6,47564,Stone,114.61,36.25,Yes,No,No,Waterways,No,Working Class,No,462.5
0.64,29,13,2994,Aluminium,5.25,13.41,No,No,No,Roadways,No,Working Class,No,337.86
0.82,16,7,2929,Bronze,26.5,20.36,No,Yes,No,Roadways,No,Wealthy,No,613.19
0.22,6,5,2708,Marble,10.79,11.24,No,No,No,Roadways,No,Working Class,No,169.94
0.08,12,6,178,Wood,6.44,14.12,No,No,Yes,Airways,No,Working Class,No,115.16
0.7,24,7,291,Aluminium,5.38,23.32,No,No,Yes,Roadways,No,Working Class,No,470.9
0.5,18,6,5423,Brass,42.62,29.65,Yes,No,No,Airways,No,Working Class,No,-520.35
0.25,46,25,197267,Bronze,666.57,39.09,No,No,Yes,Roadways,No,Working Class,No,3384.91
0.16,9,5,519,Bronze,6.14,18.53,Yes,No,Yes,Waterways,No,Working Class,No,178.39
0.97,21,11,203,Wood,4.85,18.55,No,Yes,Yes,Roadways,No,Working Class,No,844.28
0.71,22,7,1094,Clay,3.75,24.72,No,Yes,No,Airways,Yes,Wealthy,No,570.47
0.41,30,12,17246,Bronze,8.11,51.54,Yes,No,No,Waterways,No,Working Class,No,-540.52
0.45,30,10,1851,Aluminium,6.85,14.5,No,No,No,Roadways,No,Working Class,No,224.39
0.49,17,6,2166,Bronze,8.56,11.4,Yes,No,Yes,Waterways,No,Working Class,No,358.94
0.22,4,4,274,Brass,6.52,17.61,Yes,No,No,Waterways,No,Working Class,Yes,174.61
0.78,19,6,250,Wood,5.49,18.05,No,No,No,Roadways,No,Working Class,No,419.91
0.68,17,6,3359,Brass,6.24,19.75,No,Yes,No,Airways,No,Wealthy,No,617.86
0.71,30,11,12261,Bronze,38.44,68.29,Yes,Yes,Yes,Airways,No,Wealthy,No,-2394.62
0.86,55,37,593389,Brass,1294.48,57.18,No,No,No,Waterways,No,Wealthy,Yes,6781.53
0.42,52,26,281213,Brass,1506.76,89.65,Yes,No,No,Airways,No,Working Class,No,5129.83
0.46,17,10,185865,Marble,678.53,57.85,Yes,No,No,Waterways,No,Working Class,No,-4639.57
0.48,17,9,6285,Brass,17.64,67.04,No,No,Yes,Waterways,No,Working Class,No,753.83
0.37,18,9,233674,Stone,1011.11,90.95,No,Yes,No,Roadways,No,Wealthy,No,3538.17
0.61,25,6,686,Aluminium,6.29,16.68,No,No,No,Waterways,No,Working Class,No,-282.23
0.44,8,4,51,Aluminium,3.35,10.47,No,Yes,Yes,Airways,No,Working Class,No,127.71
0.13,29,9,18323,Brass,14.34,65.75,No,No,No,Roadways,No,Working Class,Yes,-432.13
0.4,20,11,358,Wood,6.25,16.8,No,Yes,Yes,Roadways,No,Working Class,Yes,241.63
0.18,21,8,96472,Marble,181.77,57.08,Yes,Yes,No,Airways,No,Working Class,No,743.22
0.11,12,6,1873,Brass,3.24,22.52,No,No,No,Roadways,No,Working Class,No,171.72
0.02,12,8,27948,Stone,26.89,66.91,Yes,Yes,Yes,Airways,No,Wealthy,No,501.03
0.04,25,12,1118467,Stone,356.95,27.84,Yes,Yes,Yes,Airways,No,Wealthy,No,8525.51
0.71,37,13,3126988,Stone,14889.4,37.22,No,No,No,Airways,No,Working Class,No,34742.07
0.75,7,5,2845,Marble,13.96,19.46,Yes,No,No,Roadways,No,Wealthy,No,386.26
0.61,28,6,731,Aluminium,3.82,19.81,No,No,Yes,Roadways,No,Working Class,No,341.21
0.84,9,4,148,Aluminium,5.83,18.88,Yes,No,Yes,Waterways,No,Working Class,No,354.71
0.62,10,4,6536,Marble,21.41,45.41,No,No,No,Waterways,No,Working Class,No,523.57
0.43,4,3,32,Aluminium,4.16,22.2,No,No,No,Roadways,No,Working Class,Yes,-161.78
0.61,3,2,16,Brass,6.16,18.56,No,Yes,Yes,Airways,No,Working Class,Yes,282.55
0.49,33,15,9356,Clay,14.69,47.05,Yes,No,No,Airways,Yes,Working Class,No,792.94
0.53,37,14,2835,Aluminium,5.72,24.16,No,No,Yes,Waterways,No,Working Class,No,410.64
0.82,16,6,440,Aluminium,6.93,20.35,No,Yes,Yes,Airways,No,Working Class,No,618.26
0.01,13,6,1913,Bronze,5.9,20.78,No,No,No,Roadways,No,Working Class,No,136.65
0.18,11,7,1393,Bronze,6.69,17.55,Yes,Yes,Yes,Airways,No,Wealthy,Yes,245.32
0.95,25,14,40827,Brass,76.54,92.67,Yes,Yes,Yes,Airways,No,Wealthy,No,14362.22
0.22,20,7,120716,Stone,94.12,26.77,No,No,No,Airways,No,Working Class,No,941.93
0.21,31,10,702304,Marble,2867.68,92.58,Yes,Yes,Yes,Airways,No,Wealthy,No,7924.96
0.15,41,9,1374,Aluminium,5.2,17.85,No,No,Yes,Airways,No,Working Class,No,185.69
0.52,7,4,45,Wood,4.83,10.17,No,Yes,Yes,Airways,No,Working Class,No,140.32
0.7,8,4,146,Aluminium,4.31,21.2,Yes,No,No,Airways,No,Working Class,Yes,323.84
0.86,23,10,1047,Aluminium,3.51,14.03,Yes,No,No,Roadways,No,Working Class,No,495.89
0.11,42,15,1266,Wood,5.15,11.89,No,No,Yes,Roadways,No,Working Class,No,150.27
0.08,38,16,2123,Aluminium,5.96,11.1,Yes,No,Yes,Waterways,No,Working Class,No,136.08
0.99,19,6,4416,Brass,41.7,24.14,Yes,No,Yes,Waterways,No,Wealthy,No,1677.39
0.31,25,8,13248,Brass,49.59,48.81,Yes,No,Yes,Waterways,No,Working Class,No,553.59
0.15,5,4,69,Aluminium,4.1,10.23,No,No,No,Roadways,No,Working Class,No,102.37
0.24,12,7,656,Clay,3.28,10.47,No,Yes,No,Roadways,Yes,Wealthy,No,158.33
0.84,14,8,6247,Brass,49.5,62.38,No,No,No,Waterways,No,Wealthy,Yes,1579.06
0.58,5,3,62,Clay,5.4,15.89,No,Yes,No,Roadways,Yes,Wealthy,No,213.63
0.34,17,8,62782,Marble,291.17,71.7,Yes,Yes,Yes,Airways,No,Wealthy,Yes,1639.03
0.82,34,19,91291,Brass,814.18,37.2,Yes,No,No,Waterways,No,Wealthy,Yes,76751.43
0.01,29,11,1968,Aluminium,6.43,12.36,No,Yes,No,Airways,No,Working Class,No,127.65
0.99,25,7,115395,Marble,1268.35,43.16,Yes,No,Yes,Waterways,No,Wealthy,No,4489.25
0.53,22,6,63498,Marble,112.91,98.72,No,No,Yes,Roadways,No,Wealthy,No,1386.32
0.26,37,13,4462,Clay,10.71,12.95,No,No,No,Roadways,Yes,Working Class,Yes,187.57
0.88,25,17,768813,Marble,3929.77,55.12,No,No,Yes,Roadways,No,Working Class,Yes,-28508.63
0.63,16,6,145,Wood,3.89,20.89,Yes,Yes,Yes,Airways,No,Working Class,No,320.84
0.63,31,16,1297749,Marble,4695.06,38.56,No,Yes,No,Airways,No,Wealthy,No,55860.52
0.52,35,12,35493,Bronze,91.06,70.75,No,No,No,Waterways,No,Working Class,No,3026.76
0.39,34,12,799552,Marble,869.68,74.93,Yes,No,No,Waterways,No,Working Class,No,8009.6
0.44,20,7,585,Aluminium,6.81,19.84,No,No,Yes,Airways,No,Working Class,No,267.62
0.2,11,6,237,Aluminium,3.7,18.36,No,Yes,Yes,Airways,No,Working Class,No,159.74
0.31,5,5,349,Brass,5.81,13.32,No,Yes,No,Airways,No,Wealthy,No,-172.58
0.7,6,4,1983,Marble,5.39,14.36,No,No,Yes,Roadways,No,Working Class,No,293.17
0.09,53,25,93848,Bronze,80.34,93.12,No,Yes,Yes,Airways,No,Wealthy,No,1349.95
0.4,9,5,519,Bronze,6.95,24.06,No,No,No,Roadways,No,Working Class,No,254.05
0.81,22,14,848953,Stone,4108.99,88.58,No,No,No,Airways,No,Working Class,No,43497.87
0.12,26,13,13110,Bronze,54.91,99.8,Yes,Yes,Yes,Airways,No,Working Class,No,815.88
0.33,32,16,774,Wood,3.42,16.64,No,No,No,Waterways,No,Working Class,No,172.53
0.38,16,6,22405,Marble,46.06,87.98,No,Yes,Yes,Airways,No,Working Class,No,951.88
0.25,9,5,675,Bronze,5.86,22.29,No,No,Yes,Roadways,No,Working Class,No,179.23
0.94,28,12,3588,Clay,16.92,19.47,Yes,Yes,Yes,Airways,Yes,Working Class,No,1488.13
0.27,24,8,1074,Clay,5.03,15.09,No,No,No,Roadways,Yes,Working Class,No,170.19
0.09,10,4,5629,Marble,6.74,54.75,No,Yes,No,Airways,No,Working Class,No,321.15
0.82,16,7,409,Clay,3.47,11.85,No,No,Yes,Airways,Yes,Working Class,No,307.99
0.19,41,13,21597,Brass,73.61,77.72,No,No,No,Roadways,No,Working Class,No,-641.4
0.76,23,13,16068,Bronze,145.08,98.27,No,No,No,Roadways,No,Working Class,No,2136.88
0.2,32,12,2628,Aluminium,8.09,11.93,Yes,Yes,Yes,Airways,No,Wealthy,No,281.17
0.02,6,5,508,Bronze,5.85,20.62,Yes,No,Yes,Waterways,No,Working Class,No,162.29
0.52,15,6,25354,Marble,95.72,32.69,No,Yes,No,Airways,No,Working Class,No,2492.03
0.06,5,3,130,Bronze,4.83,18.32,No,No,Yes,Waterways,No,Working Class,Yes,158.83
0.08,15,7,6398,Brass,3.52,29.15,Yes,No,No,Waterways,No,Working Class,No,182.68
0.75,19,6,63088,Stone,225.49,67.63,No,No,No,Roadways,No,Working Class,No,2065.65
0.48,33,10,1712984,Stone,9162.25,40.87,No,No,Yes,Roadways,No,Working Class,No,180775.14
0.17,33,16,62633,Brass,13.38,28.93,No,Yes,No,Roadways,No,Working Class,No,609.97
0.1,34,6,105883,Marble,86.91,29,No,No,No,Waterways,No,Working Class,No,-381.65
0.7,24,9,1531,Clay,8.17,21.95,Yes,No,No,Airways,Yes,Working Class,No,961.04
0.36,23,6,304,Wood,6.13,14.44,Yes,Yes,No,Airways,No,Wealthy,No,208.98
0.82,15,8,98,Wood,4.02,24.83,Yes,No,No,Waterways,No,Wealthy,No,523.55
0.58,11,7,242,Clay,5.06,17.74,No,No,No,Waterways,Yes,Working Class,No,244.38
0.47,32,9,458,Wood,5.34,16.62,No,No,No,Roadways,No,Working Class,Yes,221.45
0.01,12,7,1996,Bronze,3.19,19.54,No,No,Yes,Roadways,No,Working Class,No,156.19
0.98,5,4,39,Aluminium,4.12,10.11,Yes,No,No,Airways,No,Working Class,No,226.78
0.6,36,6,1194,Clay,8.51,10.47,No,Yes,No,Roadways,Yes,Working Class,No,518.62
0.49,23,13,1606547,Stone,3950.18,38.36,Yes,No,Yes,Airways,No,Wealthy,No,20060.83
0.68,52,45,117927869,Stone,382385.67,38.89,No,No,Yes,Airways,No,Working Class,No,2416054.67
0.26,15,6,2962,Brass,5.92,19.07,No,No,No,Waterways,No,Working Class,No,173.46
0.6,17,7,474,Aluminium,4.91,15.19,Yes,No,No,Airways,No,Working Class,No,253.76
0.17,43,9,12382,Bronze,17.73,81.38,No,Yes,No,Airways,No,Wealthy,No,523.58
0.48,12,7,26367,Stone,157.67,39.37,No,No,Yes,Roadways,No,Working Class,No,658.01
0.12,25,14,175,Wood,6.82,10.49,No,Yes,Yes,Airways,No,Working Class,No,131.45
0.68,15,8,143739,Stone,409.34,72.82,No,No,No,Roadways,No,Working Class,No,-4089.47
0.71,3,3,39,Bronze,6.42,21.71,No,Yes,No,Roadways,No,Wealthy,No,302.12
0.42,36,18,5222,Aluminium,8.35,31.46,No,No,Yes,Waterways,No,Working Class,Yes,561.88
0.76,15,6,41125,Stone,143.88,30.8,No,No,Yes,Roadways,No,Working Class,No,1064.41
0.66,6,5,141,Clay,5.45,19.73,No,Yes,No,Airways,Yes,Wealthy,No,265.14
0.22,21,11,3492,Clay,6.73,14.78,No,No,No,Waterways,Yes,Working Class,No,171.72
0.51,3,3,51,Bronze,3.33,17.01,No,No,Yes,Waterways,No,Working Class,No,170.03
0.2,21,7,481,Aluminium,6.94,17.75,No,No,Yes,Roadways,No,Working Class,No,173.16
0.75,16,6,2363,Bronze,13.67,18.21,No,No,No,Waterways,No,Working Class,No,309.75
0.68,38,12,2508402,Stone,13280.93,94.46,Yes,Yes,No,Airways,No,Wealthy,No,69257.27
0.55,35,8,207581,Marble,188.01,63.08,Yes,No,Yes,Airways,No,Working Class,No,1865.02
0.02,30,12,1039949,Stone,2181.94,42.73,No,Yes,Yes,Airways,No,Wealthy,No,8787.96
0.33,10,5,180,Aluminium,4.17,15.61,No,No,No,Roadways,No,Wealthy,Yes,166.91
0.07,33,7,650487,Stone,301.94,84.54,No,No,No,Roadways,No,Working Class,No,1728.59
0.21,23,10,281919,Marble,680.37,32.9,No,No,Yes,Roadways,No,Working Class,Yes,2335.9
0.4,12,6,858,Bronze,4.99,12.26,No,No,Yes,Waterways,No,Working Class,No,-172.02
0.55,26,7,324788,Stone,181.26,48.16,No,No,No,Roadways,No,Working Class,No,1692.54
0.46,10,5,491,Clay,6.86,20.17,No,No,Yes,Waterways,Yes,Working Class,No,269.33
0.48,24,6,59036,Stone,319.06,70.13,No,No,Yes,Airways,No,Working Class,No,-1964.21
0.58,43,9,525172,Marble,1665.64,86.7,No,No,No,Roadways,Yes,Working Class,No,4448.6
0.64,30,9,499,Wood,5.13,22.53,No,Yes,Yes,Roadways,No,Working Class,Yes,523.65
0.79,14,7,2608,Bronze,9.67,12.13,No,No,No,Airways,No,Working Class,Yes,1436.96
0.81,10,5,1410,Brass,6.46,12.25,No,Yes,Yes,Roadways,No,Wealthy,Yes,650.06
